,Поставщик,Материал,Категорийный менеджер,Операционный менеджер,Завод,Закупочная организация,Группа закупок,Балансовая единица,ЕИ,Группа материалов,Вариант поставки,НРП,Длительность,До поставки,Месяц1,Месяц2,Месяц3,День недели 2,Сумма,Количество позиций,Количество,Количество обработчиков 7,Количество обработчиков 15,Количество обработчиков 30,Согласование заказа 1,Согласование заказа 2,Согласование заказа 3,Изменение даты поставки 7,Изменение даты поставки 15,Изменение даты поставки 30,Отмена полного деблокирования заказа на закупку,Изменение позиции заказа на закупку: изменение даты поставки на бумаге,Изменение позиции заказа на закупку: дата поставки,Количество циклов согласования,Количество изменений после согласований,Дней между 0_1,Дней между 1_2,Дней между 2_3,Дней между 3_4,Дней между 4_5,Дней между 5_6,Дней между 6_7,Дней между 7_8
41,1702,27439,1,14,1,1,203,1,1,7,1,1.0,113,113,4,7,4,4,7.337269130926613,1,3.0,7,7,7,1,1,1,4.0,4.0,4.0,0,1,2,1.0,0,0.0,0.0,0.0,0.0,0.0,-1.0,-1.0,-1.0
217,89,2100,1,10,2,2,58,2,12,159,1,0.0,84,84,3,6,3,4,4.919445969134422,4,2.0,7,7,7,1,1,1,3.0,3.0,3.0,0,1,1,1.0,13,6.0,0.0,0.0,1.0,0.0,-1.0,-1.0,-1.0
355,252,27439,2,3,1,1,133,1,1,48,1,0.0,110,110,2,6,3,2,6.81221693300095,2,1.0,4,5,5,1,1,1,0.0,0.0,0.0,0,0,0,1.0,9,12.0,0.0,0.0,0.0,0.0,-1.0,-1.0,-1.0
504,40,8315,4,8,1,1,26,1,1,4,1,0.0,58,50,8,10,9,4,6.165018224009827,40,108.0,11,11,11,2,2,1,4.0,4.0,4.0,0,2,1,1.0,0,5.0,0.0,0.0,0.0,0.0,-1.0,-1.0,56.0
537,77,866,6,8,3,1,64,3,1,57,1,1.0,54,54,3,5,3,4,6.699794425128257,7,40.0,6,6,6,2,2,2,2.0,2.0,2.0,1,1,1,2.0,18,2.0,0.0,0.0,0.0,0.0,-1.0,-1.0,-1.0
541,541,27439,2,14,1,1,94,1,1,7,1,1.0,28,28,6,6,6,1,5.984084381656339,1,1.0,5,5,5,1,1,1,0.0,0.0,0.0,0,1,0,1.0,11,0.0,3.0,0.0,0.0,0.0,-1.0,-1.0,1.0
741,51,129,1,1,24,1,92,9,1,18,1,1.0,55,55,5,7,5,4,6.449877044641401,1,1.0,7,7,7,1,1,1,0.0,0.0,0.0,0,0,0,1.0,11,0.0,0.0,0.0,0.0,0.0,-1.0,-1.0,-1.0
749,1554,8962,8,15,3,6,204,3,1,15,2,0.0,71,71,11,1,11,4,7.366265839620505,1,4.0,7,7,7,1,1,1,5.0,5.0,5.0,0,2,2,1.0,0,4.0,0.0,9.0,0.0,0.0,-1.0,-1.0,-1.0
818,218,11398,2,4,1,1,22,1,3,46,1,0.0,16,16,5,6,5,2,7.113917810831139,2,2.429,9,9,9,2,2,2,4.0,4.0,4.0,1,1,1,2.0,25,1.0,0.0,0.0,0.0,0.0,-1.0,-1.0,-1.0
901,11,26103,1,2,1,1,15,1,1,11,2,1.0,32,32,4,5,4,2,5.60526879327693,1,6.0,7,7,7,1,1,1,3.0,3.0,3.0,0,2,2,1.0,0,0.0,0.0,0.0,0.0,0.0,-1.0,-1.0,-1.0
918,2418,22056,1,2,1,1,36,1,1,76,2,1.0,14,14,10,11,10,1,5.823244173895126,1,1000.0,5,6,6,1,1,1,0.0,0.0,0.0,0,0,0,1.0,11,8.0,0.0,0.0,0.0,0.0,-1.0,-1.0,-1.0
1024,87,8071,1,1,20,1,136,13,1,18,2,1.0,43,43,9,10,9,1,6.951251346012893,3,10.0,9,9,9,2,2,2,2.0,2.0,2.0,1,0,1,2.0,19,4.0,0.0,3.0,0.0,0.0,-1.0,-1.0,-1.0
1090,449,9120,2,3,1,1,16,1,1,13,1,0.0,68,68,12,2,1,3,7.567463357294961,2,26.0,6,6,7,1,1,1,3.0,3.0,3.0,0,1,1,1.0,0,25.0,0.0,0.0,0.0,0.0,-1.0,-1.0,44.0
1158,1333,5253,2,14,1,1,37,1,1,7,1,1.0,59,59,10,11,10,4,7.263603497723357,1,5.0,6,6,6,1,1,1,1.0,1.0,1.0,0,2,1,1.0,0,1.0,0.0,0.0,0.0,0.0,-1.0,-1.0,-1.0
1205,484,16437,1,15,3,6,7,3,1,10,2,1.0,17,17,4,5,4,1,4.198690708885375,1,3.0,8,8,8,1,1,1,3.0,3.0,3.0,0,1,1,1.0,0,0.0,0.0,0.0,0.0,0.0,0.0,4.0,-1.0
1375,25,27439,3,6,1,1,10,1,1,41,2,1.0,20,20,8,9,9,3,5.41893953518842,13,1.0,10,10,10,3,3,3,6.0,6.0,6.0,2,2,3,3.0,32,6.0,0.0,0.0,1.0,3.0,-1.0,-1.0,0.0
1479,82,27439,9,14,1,1,24,1,1,18,2,1.0,82,82,8,11,8,1,6.049455121809063,1,2.0,6,6,6,1,1,1,0.0,0.0,0.0,0,0,0,1.0,9,1.0,0.0,0.0,0.0,0.0,-1.0,-1.0,-1.0
1585,302,3532,3,6,1,1,14,1,1,14,1,1.0,25,25,9,10,10,4,4.854668104749857,2,3.0,9,9,9,1,1,1,4.0,4.0,4.0,0,1,2,1.0,0,4.0,0.0,3.0,0.0,0.0,-1.0,-1.0,5.0
1639,58,3,1,7,29,1,56,1,2,49,1,1.0,27,17,12,12,12,1,6.408437063048597,71,1500.0,14,14,14,19,15,14,0.0,0.0,0.0,13,0,0,14.0,114,0.0,0.0,0.0,0.0,0.0,-1.0,-1.0,-1.0
1658,39,1262,1,10,2,2,80,2,1,61,2,0.0,41,41,7,8,7,4,5.079900047951448,5,5.0,5,6,6,0,1,1,1.0,1.0,1.0,0,1,1,1.0,11,12.0,-1.0,-1.0,1.0,0.0,-1.0,-1.0,-1.0
1689,884,4336,6,6,1,1,41,1,1,41,1,0.0,61,61,5,7,5,1,5.967610942750991,1,1.0,5,5,5,1,1,1,0.0,0.0,0.0,0,0,0,1.0,11,1.0,0.0,0.0,0.0,0.0,-1.0,-1.0,-1.0
1710,2,1,2,3,4,1,2,1,1,2,2,0.0,56,56,12,2,12,1,5.505282769784602,122,16.0,11,11,12,5,4,1,0.0,0.0,0.0,3,0,0,4.0,33,20.0,37.0,0.0,7.0,7.0,-1.0,-1.0,-1.0
1742,357,12048,2,4,1,1,6,1,4,8,2,1.0,139,139,1,5,5,5,6.330953373683178,1,1730.0,7,7,7,2,2,2,5.0,5.0,5.0,1,1,1,2.0,22,117.0,4.0,0.0,1.0,0.0,-1.0,-1.0,112.0
1878,130,1287,4,5,1,1,9,1,1,1,1,0.0,144,144,1,5,2,2,5.609303888306799,2,14.0,7,7,7,2,1,1,5.0,5.0,5.0,1,2,2,1.0,0,32.0,2.0,2.0,0.0,0.0,-1.0,-1.0,106.0
1893,128,9853,2,3,1,1,53,1,1,4,1,0.0,42,42,1,3,1,1,4.571455952958096,15,10.0,10,10,10,1,1,1,4.0,4.0,4.0,0,1,1,1.0,0,1.0,0.0,1.0,0.0,0.0,-1.0,-1.0,33.0
1937,290,12334,4,5,1,1,9,1,1,22,2,1.0,85,85,7,10,7,2,6.769882981184233,11,14.0,10,11,11,2,2,2,10.0,10.0,10.0,1,5,5,2.0,28,10.0,0.0,0.0,0.0,0.0,-1.0,-1.0,3.0
2088,295,27439,1,9,7,3,221,6,1,6,2,1.0,41,41,8,9,8,3,6.513966566312295,2,10.0,7,7,7,2,1,1,4.0,4.0,4.0,0,1,2,1.0,0,78.0,0.0,1.0,0.0,0.0,-1.0,-1.0,78.0
2120,32,27439,1,9,7,3,68,6,1,7,1,0.0,79,79,9,11,9,4,8.138664761115058,1,1.0,7,7,7,0,1,1,3.0,3.0,3.0,0,1,1,1.0,0,0.0,-1.0,-1.0,0.0,0.0,1.0,52.0,52.0
2134,82,234,1,1,20,1,74,13,1,18,2,0.0,47,47,4,5,4,2,5.520080703965034,1,20.0,5,5,5,2,2,2,0.0,0.0,0.0,1,0,0,2.0,17,3.0,0.0,0.0,0.0,0.0,-1.0,-1.0,-1.0
2198,10,27439,10,18,1,8,30,1,1,48,2,0.0,24,24,6,7,6,1,8.884509972512333,1,6.0,6,6,6,1,1,0,2.0,2.0,2.0,0,0,1,1.0,0,-1.0,0.0,0.0,-1.0,-1.0,-1.0,-1.0,-1.0
2312,7,80,1,1,12,9,8,1,3,12,2,0.0,22,15,2,2,2,5,7.887446033435453,24,20.0,5,5,5,0,0,0,0.0,0.0,0.0,0,0,0,0.0,11,8.0,-1.0,-1.0,-1.0,-1.0,-1.0,-1.0,-1.0
2377,144,1660,5,2,1,1,25,1,1,76,2,0.0,12,12,8,9,8,1,6.468672461987817,4,300.0,7,7,7,2,1,1,0.0,0.0,0.0,0,0,0,1.0,14,1.0,0.0,3.0,0.0,0.0,-1.0,-1.0,-1.0
2414,16,27439,4,5,1,1,77,1,1,1,2,0.0,23,23,1,2,1,4,5.82787492816192,1,12.0,5,6,6,1,1,1,0.0,0.0,0.0,0,0,0,1.0,10,10.0,0.0,0.0,0.0,0.0,-1.0,-1.0,-1.0
2518,102,27439,4,5,1,1,77,1,1,1,2,1.0,65,65,7,9,7,3,7.4186019568722354,4,1.0,8,8,8,3,2,2,11.0,11.0,11.0,1,5,5,2.0,34,30.0,0.0,0.0,0.0,0.0,-1.0,-1.0,0.0
2541,312,27439,3,6,1,1,14,1,1,14,3,1.0,78,78,2,4,2,4,7.737090467787926,1,6.0,8,8,8,1,1,1,3.0,3.0,3.0,0,1,1,1.0,15,0.0,0.0,0.0,0.0,0.0,-1.0,-1.0,0.0
2672,1,27439,10,18,1,8,28,1,1,4,2,1.0,49,39,3,4,3,3,6.047571359250601,24,34.0,9,9,9,3,2,2,4.0,4.0,4.0,1,0,1,2.0,0,0.0,0.0,4.0,1.0,0.0,-1.0,-1.0,-1.0
2845,73,27439,1,10,2,2,81,2,3,149,1,1.0,76,76,3,6,3,0,7.148754745438454,1,0.175,7,7,7,3,4,2,6.0,6.0,6.0,1,2,1,2.0,0,1.0,0.0,1.0,4.0,0.0,-1.0,-1.0,-1.0
2878,332,13139,8,9,7,3,152,6,1,15,2,1.0,26,26,1,2,1,3,7.201455590974513,1,16.0,7,7,7,1,1,1,2.0,2.0,2.0,0,1,1,1.0,12,0.0,0.0,0.0,0.0,0.0,-1.0,-1.0,-1.0
3035,51,27439,1,1,57,1,92,13,1,38,1,1.0,88,88,9,12,10,4,7.435638153703966,5,1.0,11,11,11,4,2,2,5.0,5.0,5.0,1,0,1,2.0,31,4.0,0.0,6.0,0.0,0.0,-1.0,-1.0,-1.0
3061,353,1662,2,14,1,1,94,1,1,7,2,0.0,124,124,8,12,8,3,6.805715991798634,3,2.0,6,6,6,1,1,1,0.0,0.0,0.0,0,0,0,1.0,9,2.0,1.0,1.0,0.0,0.0,-1.0,-1.0,-1.0
3122,70,12960,1,15,1,6,48,1,1,51,2,0.0,23,23,7,7,7,3,5.646010809447272,4,6.0,5,5,5,1,1,1,2.0,2.0,2.0,0,1,1,1.0,13,1.0,0.0,0.0,1.0,0.0,1.0,0.0,0.0
3197,192,27439,2,4,1,1,6,1,4,8,2,1.0,64,64,4,6,5,4,6.70730099695607,4,500.0,7,7,7,4,1,1,8.0,8.0,8.0,0,2,2,1.0,27,32.0,0.0,9.0,0.0,0.0,-1.0,-1.0,-1.0
3221,351,53,2,3,1,1,43,1,1,66,1,0.0,24,24,10,11,10,4,6.962573502059376,5,9.0,7,7,7,1,1,1,0.0,0.0,0.0,0,0,0,1.0,14,2.0,0.0,0.0,0.0,0.0,-1.0,-1.0,-1.0
3249,264,1620,1,15,3,6,11,3,1,6,2,0.0,77,77,11,1,11,3,6.599395599646551,2,15.0,6,7,7,1,1,1,0.0,0.0,0.0,0,0,0,1.0,9,8.0,0.0,0.0,3.0,0.0,-1.0,-1.0,-1.0
3256,17,400,2,3,1,1,43,1,1,66,1,0.0,65,65,9,11,9,5,5.972118819965607,7,1.0,7,7,7,4,2,2,3.0,3.0,3.0,1,0,1,2.0,0,0.0,0.0,0.0,0.0,0.0,-1.0,-1.0,-1.0
3277,1,27439,10,18,1,8,28,1,1,4,2,1.0,49,39,3,4,3,3,6.388903634076062,24,34.0,9,9,9,3,2,2,5.0,5.0,5.0,1,0,2,2.0,0,0.0,0.0,4.0,1.0,0.0,-1.0,-1.0,-1.0
3376,229,8892,3,18,1,8,205,1,1,14,1,0.0,91,91,4,7,4,4,6.417147033757315,1,6.0,4,5,5,1,1,1,0.0,0.0,0.0,0,0,0,1.0,9,14.0,0.0,0.0,0.0,0.0,-1.0,-1.0,-1.0
3379,1584,132,12,24,1,1,108,1,3,82,1,0.0,41,26,7,9,7,1,9.02442791961293,1,120.0,17,17,17,1,1,0,0.0,0.0,0.0,0,0,0,1.0,50,-1.0,0.0,0.0,-1.0,-1.0,-1.0,-1.0,-1.0
3386,17,2051,1,12,2,2,67,2,1,6,2,0.0,31,31,8,9,8,0,4.877562712351028,48,1.0,6,6,6,1,1,1,3.0,3.0,3.0,0,2,2,1.0,14,41.0,0.0,0.0,1.0,0.0,-1.0,-1.0,0.0
3440,7,120,1,1,12,9,8,1,3,12,2,0.0,22,15,1,1,1,4,8.210083055398304,52,40.0,7,7,7,0,0,0,0.0,0.0,0.0,0,0,0,0.0,24,7.0,-1.0,-1.0,-1.0,-1.0,-1.0,-1.0,-1.0
3627,49,2416,1,7,1,1,4,1,1,60,2,0.0,13,13,12,12,12,0,5.049486725249763,9,5.0,8,8,8,2,1,1,3.0,3.0,3.0,0,1,1,1.0,19,1.0,0.0,1.0,1.0,0.0,-1.0,-1.0,-1.0
3629,1,6703,1,1,1,1,46,1,1,13,1,0.0,16,16,6,6,6,5,5.810146161201489,11,200.0,9,9,9,3,3,3,0.0,0.0,0.0,2,0,0,3.0,23,0.0,0.0,0.0,0.0,0.0,-1.0,-1.0,-1.0
3665,9,3983,1,4,1,1,1,1,1,9,2,1.0,21,21,7,8,7,3,6.083026779150851,12,110.0,7,7,7,4,4,4,5.0,5.0,5.0,3,1,1,4.0,33,0.0,0.0,0.0,0.0,0.0,-1.0,-1.0,-1.0
3680,26,8906,4,5,4,1,9,1,1,1,1,0.0,126,126,2,6,3,2,5.567519181624827,9,12.0,7,7,8,1,1,1,9.0,9.0,9.0,0,4,4,1.0,0,19.0,0.0,1.0,0.0,0.0,-1.0,-1.0,88.0
3701,57,536,5,2,1,1,3,1,1,3,1,0.0,83,83,12,3,12,3,5.416570957931901,4,20.0,6,6,6,1,1,1,1.0,1.0,1.0,0,1,1,1.0,12,5.0,0.0,0.0,0.0,0.0,-1.0,-1.0,-1.0
3751,1,27439,10,18,1,8,28,1,10,4,2,1.0,45,31,2,3,2,4,6.941182165638477,59,117.0,15,15,15,5,2,2,0.0,0.0,0.0,1,0,0,2.0,41,2.0,0.0,6.0,1.0,0.0,-1.0,-1.0,-1.0
3752,1,26132,1,1,3,6,91,3,9,4,2,0.0,56,56,7,9,7,1,6.773377084544242,1,6.0,9,9,9,1,1,1,3.0,3.0,3.0,0,1,1,1.0,0,26.0,0.0,0.0,0.0,0.0,-1.0,-1.0,50.0
3906,1011,13931,2,14,1,1,111,1,1,7,1,0.0,87,87,4,7,4,1,8.346847416720088,1,21.0,7,7,7,1,1,1,4.0,4.0,4.0,0,1,1,1.0,0,2.0,0.0,0.0,0.0,0.0,-1.0,-1.0,4.0
4015,538,11177,1,8,1,1,84,1,1,1,2,1.0,89,89,11,2,11,2,7.381978464829269,1,40.0,7,7,7,1,1,1,5.0,5.0,5.0,0,2,2,1.0,0,0.0,0.0,0.0,0.0,0.0,-1.0,-1.0,-1.0
4016,7,283,1,1,12,9,8,1,3,12,2,0.0,13,8,5,5,5,6,7.610924512586996,18,10.0,4,4,4,0,0,0,0.0,0.0,0.0,0,0,0,0.0,10,2.0,-1.0,-1.0,-1.0,-1.0,-1.0,-1.0,-1.0
4050,2720,27439,1,1,17,17,76,16,1,1,2,1.0,36,36,12,2,12,5,6.82787492816192,1,1.0,5,5,5,0,0,0,0.0,0.0,0.0,0,0,0,0.0,14,0.0,-1.0,-1.0,-1.0,-1.0,-1.0,-1.0,-1.0
4070,62,2242,5,2,1,1,25,1,1,33,2,1.0,2,2,7,7,7,4,7.103381725345024,1,200.0,6,6,6,1,1,1,3.0,3.0,3.0,0,1,1,1.0,0,0.0,0.0,0.0,0.0,0.0,-1.0,-1.0,0.0
4071,45,82,3,6,1,1,10,1,1,41,1,0.0,39,39,2,3,2,5,5.027031491286295,13,12.0,12,12,12,3,2,2,3.0,3.0,3.0,2,0,1,2.0,0,1.0,2.0,2.0,0.0,0.0,-1.0,-1.0,-1.0
4153,446,10982,5,2,1,1,25,1,1,76,2,0.0,29,29,12,1,12,2,6.961994056367143,2,700.0,9,9,9,2,2,2,3.0,3.0,3.0,1,1,1,2.0,24,1.0,0.0,0.0,0.0,0.0,-1.0,-1.0,-1.0
4413,1175,27439,4,8,1,1,19,1,1,45,1,1.0,58,58,6,8,6,5,6.231098951917449,1,2.0,5,5,5,1,1,1,4.0,4.0,4.0,0,4,1,1.0,0,1.0,0.0,0.0,0.0,0.0,-1.0,-1.0,-1.0
4490,1018,791,12,24,1,1,108,1,3,82,1,0.0,148,129,10,3,2,4,8.996807452465433,2,100.0,17,17,17,2,1,0,0.0,0.0,0.0,0,0,0,1.0,75,125.0,0.0,0.0,-1.0,-1.0,-1.0,-1.0,-1.0
4575,2720,17207,3,6,1,1,10,1,1,16,3,0.0,22,22,8,9,8,6,5.966894875842019,1,9.0,9,9,9,3,2,2,3.0,3.0,3.0,1,0,1,2.0,20,-1.0,0.0,0.0,0.0,0.0,-1.0,-1.0,-1.0
4584,344,11484,2,2,1,1,220,1,1,80,2,1.0,31,31,6,7,6,6,5.273927015707643,3,10.0,4,4,4,1,1,1,1.0,1.0,1.0,0,1,1,1.0,11,1.0,0.0,0.0,0.0,0.0,-1.0,-1.0,-1.0
4643,192,27439,2,4,1,1,6,1,4,8,2,1.0,17,17,6,7,6,4,7.085003470242556,1,1195.0,7,7,7,1,1,1,0.0,0.0,0.0,0,0,0,1.0,11,0.0,0.0,0.0,0.0,1.0,-1.0,-1.0,-1.0
4673,118,19164,1,1,1,14,143,1,1,10,2,0.0,54,54,2,4,3,3,5.814605958132535,6,12.0,9,11,11,2,1,1,4.0,5.0,5.0,0,1,1,1.0,0,7.0,0.0,9.0,1.0,0.0,-1.0,-1.0,18.0
4722,87,3006,9,14,11,1,123,1,1,18,2,0.0,59,59,7,9,7,4,5.980515310583671,3,1.0,7,7,7,1,1,1,2.0,2.0,2.0,0,1,1,1.0,17,230.0,0.0,1.0,0.0,0.0,1.0,0.0,-1.0
4825,507,1715,1,8,1,1,7,1,1,10,1,0.0,62,62,2,4,3,2,6.079863951926382,4,17.0,6,6,6,2,2,2,2.0,2.0,2.0,1,2,2,2.0,22,34.0,0.0,0.0,0.0,0.0,-1.0,-1.0,-1.0
4826,4,10728,1,9,7,3,1,6,2,19,1,0.0,28,28,5,6,5,4,6.493393381274674,45,220.0,7,8,8,5,1,1,0.0,0.0,0.0,1,0,0,1.0,16,10.0,4.0,4.0,0.0,0.0,-1.0,-1.0,-1.0
4893,2720,27439,9,14,20,1,24,13,1,38,1,0.0,36,36,2,3,2,5,8.039681681762909,1,1.0,8,8,8,1,1,1,0.0,0.0,0.0,0,0,0,1.0,15,0.0,0.0,5.0,0.0,0.0,-1.0,-1.0,-1.0
4942,37,27439,1,2,1,1,15,1,1,28,2,1.0,30,30,12,1,12,0,4.337932240976571,32,24.0,9,9,9,3,3,3,5.0,5.0,5.0,2,1,1,3.0,0,2.0,0.0,0.0,1.0,0.0,-1.0,-1.0,-1.0
4946,75,1645,1,4,1,1,1,1,1,9,2,0.0,14,14,2,2,2,4,5.858364250309821,17,30.0,8,8,8,1,1,1,3.0,3.0,3.0,0,1,1,1.0,0,-1.0,0.0,0.0,0.0,0.0,-1.0,-1.0,-1.0
4966,3,27439,10,18,11,8,102,1,1,6,1,0.0,31,31,2,3,2,6,5.067326086145468,1,1.0,6,6,6,1,1,1,0.0,0.0,0.0,0,0,0,1.0,11,6.0,0.0,0.0,0.0,0.0,-1.0,-1.0,-1.0
5033,2720,27439,1,11,5,4,185,4,5,26,2,0.0,9,9,5,6,5,0,7.355661007937002,1,1000.0,8,8,8,1,1,1,0.0,0.0,0.0,0,0,0,1.0,14,5.0,0.0,0.0,0.0,1.0,-1.0,-1.0,-1.0
5047,97,1683,1,9,8,3,8,7,4,12,2,0.0,51,51,10,12,10,0,5.863789573006088,2,57.352,11,11,11,4,3,3,8.0,8.0,8.0,2,3,3,3.0,39,7.0,4.0,0.0,0.0,0.0,-1.0,-1.0,8.0
5086,207,23140,4,5,1,1,117,1,1,83,1,0.0,83,83,12,3,2,4,6.793781416601018,1,3.0,6,6,6,1,1,1,3.0,3.0,3.0,0,0,1,1.0,0,51.0,0.0,0.0,0.0,0.0,-1.0,-1.0,-1.0
5137,7,760,1,1,12,9,8,1,3,12,2,0.0,19,19,3,3,3,1,7.643160794993951,45,10.0,4,4,4,0,0,0,0.0,0.0,0.0,0,0,0,0.0,10,1.0,-1.0,-1.0,-1.0,-1.0,-1.0,-1.0,-1.0
5149,172,27439,4,8,1,1,26,1,1,27,1,1.0,90,90,2,5,2,2,7.660141853631772,1,1.0,7,7,7,1,1,1,4.0,4.0,4.0,0,3,2,1.0,0,1.0,0.0,0.0,0.0,0.0,-1.0,-1.0,-1.0
5178,746,27439,4,5,1,1,60,1,1,26,2,0.0,13,13,7,7,7,2,7.657198977343901,3,2.0,12,12,12,4,4,3,0.0,0.0,0.0,3,0,0,4.0,35,18.0,0.0,2.0,14.0,14.0,-1.0,-1.0,-1.0
5264,1037,27439,3,6,1,1,112,1,1,41,2,0.0,121,121,2,6,2,6,5.932610278681933,18,42.0,6,6,6,2,1,1,0.0,0.0,0.0,1,0,0,1.0,13,161.0,156.0,159.0,0.0,0.0,-1.0,-1.0,-1.0
5267,553,790,1,2,1,1,36,1,5,31,1,0.0,60,21,12,2,1,5,7.911420979611995,4,100.0,15,15,16,1,1,1,0.0,0.0,0.0,0,0,0,1.0,58,20.0,0.0,0.0,0.0,0.0,-1.0,-1.0,-1.0
5268,227,27439,5,2,1,1,3,1,1,39,2,1.0,5,5,7,7,7,3,5.550987148631635,4,24.0,5,5,5,1,1,1,0.0,0.0,0.0,0,0,0,1.0,9,2.0,0.0,0.0,0.0,0.0,-1.0,-1.0,-1.0
5285,80,2343,3,2,1,1,32,1,1,65,1,1.0,90,90,11,2,11,4,4.229849552942331,11,2.0,9,9,9,5,3,3,3.0,3.0,3.0,2,1,1,3.0,29,0.0,0.0,0.0,0.0,0.0,-1.0,-1.0,-1.0
5364,2,20196,10,18,1,8,31,1,4,4,2,1.0,14,14,6,7,6,4,5.082415681648295,2,50.0,6,6,6,1,1,1,0.0,0.0,0.0,0,0,0,1.0,9,0.0,0.0,0.0,0.0,0.0,-1.0,-1.0,-1.0
5382,204,292,1,10,2,2,81,2,2,42,1,0.0,69,69,11,2,12,1,6.786482243003695,4,1500.0,5,6,6,1,1,1,3.0,3.0,3.0,0,1,1,1.0,12,12.0,0.0,0.0,0.0,0.0,-1.0,-1.0,-1.0
5470,987,8777,1,16,9,7,71,8,1,87,2,0.0,58,58,7,9,7,4,7.416503094117106,2,79.0,5,5,5,0,0,0,0.0,0.0,0.0,0,0,0,0.0,8,60.0,-1.0,-1.0,-1.0,-1.0,-1.0,-1.0,-1.0
5476,18,1217,7,17,1,1,29,1,3,93,2,0.0,87,87,10,1,10,5,6.354057505394227,49,2.0,13,13,13,2,3,2,0.0,0.0,0.0,1,0,0,2.0,24,1.0,1.0,0.0,0.0,0.0,-1.0,-1.0,-1.0
5499,42,12641,1,7,1,1,4,1,1,22,2,0.0,196,196,11,5,2,2,5.122274344926888,6,10.0,10,10,10,2,2,2,0.0,0.0,0.0,1,1,0,2.0,0,91.0,0.0,0.0,1.0,0.0,-1.0,-1.0,-1.0
5524,2,14174,1,1,10,1,21,9,1,71,2,0.0,38,38,7,8,7,1,5.537067770344704,1,1.0,8,8,8,2,2,2,0.0,0.0,0.0,1,0,0,2.0,17,0.0,0.0,0.0,0.0,0.0,-1.0,-1.0,-1.0
5665,511,2421,7,17,1,1,44,1,3,40,1,1.0,79,73,3,6,3,4,8.554472118271038,2,100.0,10,10,10,1,1,1,0.0,0.0,0.0,0,1,0,1.0,39,0.0,0.0,0.0,0.0,0.0,-1.0,-1.0,-1.0
5781,3,25749,2,3,1,1,190,1,1,48,1,0.0,87,87,1,4,2,0,6.285940206924143,2,1.0,9,9,11,2,2,2,6.0,6.0,6.0,1,2,2,2.0,25,21.0,0.0,0.0,3.0,0.0,-1.0,-1.0,32.0
5805,16,27439,4,5,1,1,77,1,1,1,1,0.0,106,106,1,4,1,3,8.102802121261696,1,1.0,9,9,9,1,1,1,5.0,5.0,5.0,0,1,1,1.0,0,0.0,0.0,0.0,0.0,0.0,107.0,2.0,105.0
5974,860,27439,1,9,1,3,68,1,1,7,2,0.0,149,149,7,12,7,3,7.132182633587137,1,1.0,9,9,9,2,1,1,6.0,6.0,7.0,0,2,2,1.0,0,150.0,0.0,0.0,0.0,0.0,96.0,96.0,24.0
5999,224,2829,2,2,1,1,147,1,5,26,1,0.0,61,21,8,10,8,2,6.698886324860949,3,11.25,27,27,27,7,5,5,9.0,9.0,9.0,4,1,1,5.0,101,-1.0,0.0,1.0,0.0,0.0,-1.0,-1.0,-1.0
6032,146,27439,2,14,1,1,37,1,1,7,1,0.0,62,62,2,4,2,1,5.625016513515564,3,3.0,8,8,8,1,1,1,6.0,6.0,6.0,0,2,2,1.0,0,5.0,0.0,0.0,0.0,0.0,-1.0,-1.0,3.0
6036,40,984,4,8,1,1,19,1,1,11,1,0.0,143,124,10,3,11,6,6.319109244232586,14,350.0,9,9,9,1,1,1,0.0,0.0,0.0,0,0,0,1.0,18,39.0,0.0,0.0,0.0,0.0,-1.0,-1.0,-1.0
6057,426,3637,11,11,5,4,73,4,1,10,2,0.0,46,46,2,4,3,1,6.563546397746125,37,18.0,7,7,8,2,1,1,0.0,0.0,0.0,0,0,0,1.0,18,24.0,1.0,1.0,1.0,0.0,-1.0,-1.0,-1.0
6082,176,531,1,15,3,6,131,3,1,92,2,0.0,83,83,7,10,7,2,5.822092065981403,1,10.0,7,7,7,2,2,2,0.0,0.0,0.0,1,0,0,2.0,17,0.0,0.0,1.0,0.0,0.0,-1.0,-1.0,-1.0
6332,58,2,1,7,4,1,56,1,2,49,1,0.0,21,14,1,1,1,4,5.588114589236862,42,100.0,12,12,12,13,12,11,0.0,0.0,0.0,11,0,0,12.0,88,4.0,0.0,0.0,0.0,0.0,-1.0,-1.0,-1.0
6362,190,27439,2,3,1,1,113,1,1,4,1,0.0,95,95,3,6,5,0,4.948389035070974,7,1.0,7,7,7,1,1,1,5.0,5.0,5.0,0,2,2,1.0,0,55.0,0.0,0.0,0.0,0.0,-1.0,-1.0,34.0
6411,315,6749,1,10,2,2,58,2,1,33,1,1.0,38,38,3,4,3,4,6.049289166004259,3,5940.0,7,7,7,1,1,1,0.0,0.0,0.0,0,0,0,1.0,11,2.0,0.0,0.0,1.0,0.0,-1.0,-1.0,-1.0
6426,43,27439,2,3,1,1,249,1,1,53,1,1.0,79,79,1,4,1,6,7.08157586890252,1,12.0,8,8,8,1,1,1,0.0,0.0,0.0,0,0,0,1.0,12,3.0,0.0,0.0,0.0,0.0,-1.0,-1.0,-1.0
6518,7,7379,1,1,12,9,8,1,3,12,2,0.0,21,21,3,3,3,1,7.595227593818487,10,10.0,4,4,4,0,0,0,0.0,0.0,0.0,0,0,0,0.0,10,1.0,-1.0,-1.0,-1.0,-1.0,-1.0,-1.0,-1.0
6877,315,451,1,2,1,1,106,1,2,33,2,1.0,19,10,12,1,12,0,6.352526708491487,2,500.0,11,11,11,1,1,1,0.0,0.0,0.0,0,0,0,1.0,16,0.0,0.0,0.0,9.0,0.0,-1.0,-1.0,-1.0
6885,227,21669,5,2,1,1,3,1,1,39,1,0.0,131,131,10,2,12,3,5.551156419579232,5,10.0,8,8,8,2,2,1,3.0,3.0,3.0,0,2,2,1.0,0,62.0,0.0,0.0,3.0,0.0,-1.0,-1.0,0.0
6900,15,509,1,12,2,2,5,2,1,5,2,0.0,38,38,7,8,8,4,4.875857403819795,75,18.0,6,6,7,1,1,1,0.0,0.0,0.0,0,0,0,1.0,11,24.0,0.0,0.0,0.0,0.0,-1.0,-1.0,-1.0
6912,577,27439,2,3,1,1,249,1,1,53,1,1.0,21,21,6,6,6,1,6.857761340426096,1,2.0,8,8,8,1,1,1,0.0,0.0,0.0,0,0,0,1.0,11,0.0,0.0,0.0,0.0,0.0,-1.0,-1.0,-1.0
6927,780,2944,9,14,20,1,79,13,1,8,1,0.0,89,89,9,12,11,0,6.444989692806575,2,60.0,7,7,7,2,2,2,3.0,3.0,3.0,1,0,2,2.0,22,61.0,0.0,0.0,0.0,0.0,-1.0,-1.0,-1.0
6966,436,271,1,9,1,3,222,1,1,31,1,1.0,39,7,3,4,3,5,8.100732288919778,2,766.0,15,15,15,2,2,2,0.0,0.0,0.0,1,1,0,2.0,37,1.0,0.0,0.0,0.0,0.0,-1.0,-1.0,-1.0
7041,1069,1409,2,7,1,1,81,1,2,85,1,0.0,137,137,12,4,4,2,8.190771895964465,1,34320.0,9,9,9,2,2,2,6.0,6.0,6.0,1,1,1,2.0,28,115.0,0.0,0.0,0.0,0.0,-1.0,-1.0,4.0
7089,146,27439,2,14,1,1,37,1,1,7,1,1.0,20,20,3,4,3,4,6.545898249772726,1,40.0,8,8,8,1,1,1,3.0,3.0,3.0,0,1,1,1.0,0,0.0,0.0,0.0,0.0,0.0,-1.0,-1.0,-1.0
7261,16,25438,4,5,1,1,100,1,1,1,1,1.0,73,73,12,3,12,4,5.764205848292543,13,1.0,9,9,9,3,2,2,0.0,0.0,0.0,2,0,0,2.0,23,0.0,1.0,1.0,9.0,0.0,-1.0,-1.0,-1.0
7442,21,27439,9,14,33,1,123,13,1,18,1,1.0,144,144,10,3,10,6,5.499748720836945,1,5.0,9,9,9,2,2,2,6.0,6.0,6.0,1,1,2,2.0,30,2.0,117.0,0.0,0.0,0.0,117.0,117.0,117.0
7478,104,7546,2,4,1,1,8,1,4,12,2,0.0,15,15,1,2,1,4,4.9547832576331245,2,6.8,7,7,7,2,2,2,3.0,3.0,3.0,1,1,1,2.0,22,1.0,0.0,0.0,0.0,0.0,-1.0,-1.0,0.0
7596,493,775,7,17,1,1,44,1,3,40,2,0.0,32,32,8,9,8,1,7.8262114385673245,9,22.0,9,9,9,4,3,3,0.0,0.0,0.0,1,0,0,2.0,27,35.0,0.0,0.0,0.0,7.0,-1.0,-1.0,-1.0
7695,1,27439,10,18,1,8,28,1,4,4,1,1.0,33,33,6,7,6,3,5.431904512352787,55,100.0,8,8,8,3,2,1,7.0,7.0,7.0,0,0,2,1.0,30,3.0,0.0,2.0,1.0,0.0,-1.0,-1.0,-1.0
7777,753,2625,1,16,9,7,126,8,3,26,2,0.0,51,24,7,9,7,0,7.215156868651901,3,20.0,9,9,9,0,1,0,2.0,2.0,2.0,0,0,2,1.0,21,2.0,-1.0,-1.0,-1.0,-1.0,-1.0,-1.0,-1.0
7827,270,27439,8,29,7,14,234,6,1,124,2,0.0,20,20,12,12,12,1,10.26740266757558,1,3.0,7,7,7,2,1,1,0.0,0.0,0.0,1,0,0,1.0,23,49.0,49.0,49.0,1.0,0.0,-1.0,-1.0,-1.0
7833,23,5569,2,3,10,1,70,9,1,53,1,0.0,24,24,12,12,12,4,5.2101649230944025,1,5.0,5,5,5,1,1,1,0.0,0.0,0.0,0,0,0,1.0,9,1.0,0.0,0.0,0.0,0.0,-1.0,-1.0,-1.0
7844,28,24284,1,4,1,1,1,1,1,19,2,0.0,35,35,2,3,2,3,5.588114589236862,6,80.0,10,10,10,3,4,3,5.0,5.0,5.0,2,1,1,3.0,28,3.0,0.0,0.0,1.0,0.0,-1.0,-1.0,-1.0
7855,82,1419,9,14,33,1,24,13,1,42,2,1.0,28,28,9,10,9,3,5.0329192697661,1,5.0,7,7,7,1,1,1,0.0,0.0,0.0,0,0,0,1.0,11,4.0,0.0,1.0,0.0,0.0,-1.0,-1.0,-1.0
8043,447,27439,1,15,3,6,308,3,1,52,2,0.0,141,141,2,7,4,5,6.778729629251742,1,1.0,3,3,3,1,1,1,5.0,5.0,5.0,0,2,2,1.0,0,40.0,0.0,0.0,0.0,0.0,-1.0,-1.0,1.0
8056,1,7,2,3,1,1,11,1,1,25,2,0.0,9,9,8,9,8,3,4.903886127420038,9,36.0,9,9,9,3,3,3,5.0,5.0,5.0,2,1,1,3.0,24,0.0,0.0,0.0,0.0,0.0,-1.0,-1.0,-1.0
8069,138,225,2,3,1,1,53,1,1,48,1,0.0,39,39,12,1,12,0,7.155797073632567,3,8.0,8,8,8,1,1,1,2.0,2.0,2.0,0,0,1,1.0,0,0.0,0.0,0.0,0.0,0.0,-1.0,-1.0,-1.0
8130,1146,217,1,11,5,4,36,4,5,31,2,1.0,20,13,9,10,9,3,7.7791395726423875,2,177.0,9,9,9,1,0,0,0.0,0.0,0.0,0,0,0,0.0,26,0.0,1.0,-1.0,-1.0,-1.0,-1.0,-1.0,-1.0
8137,24,27439,2,14,1,1,33,1,1,7,1,1.0,24,24,5,6,5,5,6.489854452572532,1,1.0,7,7,7,2,1,1,2.0,2.0,2.0,0,1,1,1.0,16,1.0,0.0,1.0,0.0,0.0,-1.0,-1.0,-1.0
8140,110,21097,1,11,5,4,111,4,1,7,2,0.0,83,83,2,5,4,4,6.920382912729194,9,20.0,6,6,6,1,1,1,0.0,0.0,0.0,0,0,0,1.0,12,65.0,0.0,0.0,0.0,0.0,-1.0,-1.0,-1.0
8222,104,27439,4,5,1,1,77,1,1,16,1,1.0,54,54,12,2,1,2,5.756519019626252,30,1.0,6,6,6,1,1,1,4.0,4.0,4.0,0,3,2,1.0,0,31.0,0.0,0.0,0.0,0.0,-1.0,-1.0,0.0
8251,66,27439,4,5,1,1,202,1,1,1,2,1.0,74,74,11,1,11,2,6.787205464622791,1,1.0,7,7,7,1,1,1,3.0,3.0,3.0,0,1,1,1.0,0,0.0,0.0,0.0,0.0,0.0,-1.0,-1.0,74.0
8259,484,6652,1,15,3,6,7,3,1,10,2,0.0,105,105,4,8,6,5,5.388542234331657,2,1.0,6,6,6,1,1,1,0.0,0.0,0.0,0,0,0,1.0,13,73.0,0.0,1.0,0.0,0.0,74.0,-1.0,-1.0
8265,85,17936,2,4,1,1,22,1,3,62,2,1.0,16,12,9,10,9,5,5.968936841845122,6,0.23,13,13,13,5,3,3,4.0,4.0,4.0,2,1,1,3.0,39,0.0,0.0,2.0,0.0,0.0,-1.0,-1.0,-1.0
8282,6,27439,3,6,10,1,139,9,1,75,2,0.0,126,126,8,12,9,2,7.264808198861728,1,1.0,13,13,13,2,2,2,10.0,10.0,10.0,0,2,2,2.0,0,21.0,0.0,0.0,0.0,0.0,76.0,1.0,77.0
8328,201,339,1,10,2,2,25,2,12,18,1,0.0,62,62,11,1,11,4,5.278877075042815,6,1.0,9,9,9,1,1,1,3.0,3.0,3.0,0,1,1,1.0,0,6.0,3.0,0.0,0.0,0.0,-1.0,-1.0,48.0
8394,15,4284,1,12,2,2,5,2,1,5,2,0.0,31,31,7,8,7,5,4.096467081320602,46,7.0,6,6,6,1,1,1,0.0,0.0,0.0,0,0,0,1.0,10,14.0,0.0,1.0,0.0,0.0,-1.0,-1.0,-1.0
8529,66,8907,4,5,1,1,9,1,1,1,1,0.0,171,171,10,4,11,4,6.039739456871676,3,5.0,8,8,8,4,4,4,0.0,0.0,0.0,3,0,0,4.0,30,38.0,0.0,0.0,0.0,0.0,-1.0,-1.0,-1.0
8572,252,22694,1,1,11,1,30,1,1,7,1,0.0,93,93,10,1,11,1,6.112354199094485,1,1.0,8,8,9,1,1,1,6.0,6.0,6.0,0,2,2,1.0,0,17.0,0.0,1.0,0.0,0.0,-1.0,-1.0,-1.0
8592,99,9438,3,6,1,1,52,1,1,4,2,0.0,55,55,12,2,12,4,5.552399036970327,1,5.0,6,6,6,1,1,1,0.0,0.0,0.0,0,0,0,1.0,10,4.0,0.0,0.0,0.0,0.0,-1.0,-1.0,-1.0
8596,519,4106,1,2,1,1,36,1,5,31,2,1.0,172,162,12,5,4,6,6.925311039940434,2,7.0,7,7,7,1,1,1,0.0,0.0,0.0,0,0,0,1.0,14,118.0,0.0,0.0,0.0,0.0,-1.0,-1.0,-1.0
8622,7,26,1,1,12,9,8,1,3,12,2,0.0,30,28,6,7,6,4,8.462514133130473,7,80.973,4,4,4,0,0,0,0.0,0.0,0.0,0,0,0,0.0,23,0.0,-1.0,-1.0,-1.0,-1.0,-1.0,-1.0,-1.0
8834,133,7833,6,6,1,1,59,1,1,135,1,0.0,43,43,4,5,4,5,6.439694756779039,2,4.0,6,7,7,2,2,2,4.0,4.0,4.0,1,1,1,2.0,0,12.0,0.0,0.0,0.0,0.0,-1.0,-1.0,21.0
8855,957,27439,2,3,1,1,2,1,1,2,1,0.0,41,41,4,6,4,0,8.114997754589968,5,2.0,6,6,7,2,1,1,3.0,3.0,3.0,1,1,1,1.0,0,23.0,13.0,13.0,1.0,0.0,-1.0,-1.0,45.0
8950,82,9274,9,14,20,1,123,13,1,18,1,1.0,35,35,1,2,1,1,6.158380937782436,1,30.0,6,6,6,2,2,2,0.0,0.0,0.0,1,0,0,2.0,18,3.0,0.0,0.0,0.0,0.0,-1.0,-1.0,-1.0
8963,1,22675,2,3,1,1,16,1,1,13,2,0.0,38,38,7,8,7,4,4.281610124246629,23,3.0,8,8,8,1,1,1,4.0,4.0,4.0,0,1,1,1.0,0,3.0,0.0,0.0,0.0,0.0,-1.0,-1.0,13.0
9000,102,27439,3,6,1,1,10,1,1,41,3,1.0,33,33,7,8,8,0,5.962573502059376,6,1.0,7,8,8,1,1,1,3.0,3.0,3.0,0,2,2,1.0,0,40.0,0.0,0.0,0.0,0.0,-1.0,-1.0,15.0
9037,13,27439,3,2,1,1,5,1,1,5,1,1.0,20,20,3,3,3,2,6.477404494109739,2,2.0,11,11,11,3,3,3,3.0,3.0,3.0,2,1,1,3.0,28,0.0,0.0,0.0,0.0,0.0,-1.0,-1.0,-1.0
9096,7,51,1,1,12,9,8,1,3,12,2,0.0,9,9,5,5,5,6,7.318685890662532,65,5.676,3,3,3,0,0,0,0.0,0.0,0.0,0,0,0,0.0,7,0.0,-1.0,-1.0,-1.0,-1.0,-1.0,-1.0,-1.0
9118,831,9252,7,17,1,1,44,1,6,50,1,0.0,86,86,1,3,1,0,9.29927515259957,1,5.0,9,9,9,2,2,2,0.0,0.0,0.0,1,1,0,2.0,0,5.0,0.0,0.0,0.0,1.0,-1.0,-1.0,-1.0
9143,315,1572,1,2,1,1,12,1,1,85,2,0.0,46,46,11,12,11,0,6.544068044350276,1,375.0,6,6,6,1,1,1,3.0,3.0,3.0,0,1,1,1.0,0,1.0,0.0,0.0,0.0,0.0,-1.0,-1.0,-1.0
9257,483,3475,1,8,1,1,7,1,1,10,1,0.0,42,42,2,4,3,2,5.3797683100241525,6,24.0,6,6,7,1,1,1,0.0,0.0,0.0,0,0,0,1.0,12,21.0,0.0,0.0,0.0,0.0,-1.0,-1.0,-1.0
9258,1214,8798,1,16,9,7,50,8,4,1,2,0.0,22,22,9,9,9,2,6.307143693042829,3,5.0,4,4,4,1,1,0,1.0,1.0,1.0,0,0,1,1.0,13,3.0,3.0,0.0,-1.0,-1.0,-1.0,-1.0,-1.0
9390,1,27439,1,1,1,1,28,1,1,4,2,0.0,43,43,1,3,1,4,7.487328942341999,21,91.0,10,10,10,3,1,1,0.0,0.0,0.0,1,0,0,1.0,17,7.0,7.0,7.0,0.0,1.0,-1.0,-1.0,-1.0
9417,21,27439,1,1,3,1,21,3,1,38,2,0.0,83,83,8,10,8,4,7.854663192616399,1,1.0,11,11,12,4,3,3,6.0,6.0,6.0,2,2,2,3.0,33,21.0,0.0,0.0,0.0,0.0,-1.0,-1.0,24.0
9483,505,5415,2,4,1,1,149,1,3,88,2,0.0,17,17,7,7,7,6,7.086425143026462,2,0.7,11,11,11,4,3,3,0.0,0.0,0.0,2,0,0,3.0,25,6.0,5.0,5.0,0.0,0.0,-1.0,-1.0,-1.0
9551,621,27439,1,16,9,7,24,8,1,38,2,1.0,11,11,11,11,11,0,5.937749918334344,1,1.0,5,5,5,1,1,0,1.0,1.0,1.0,0,0,1,1.0,10,0.0,1.0,0.0,-1.0,-1.0,-1.0,-1.0,-1.0
9553,490,1725,2,7,19,1,81,1,2,92,2,0.0,90,90,11,2,1,3,8.612123074638141,3,21500.0,11,11,11,1,1,1,0.0,0.0,0.0,0,0,0,1.0,22,69.0,0.0,0.0,0.0,1.0,-1.0,-1.0,-1.0
9591,506,1702,1,2,1,1,36,1,5,31,1,0.0,113,81,2,5,4,6,7.248960103808706,5,23.84,9,9,9,1,1,1,0.0,0.0,0.0,0,0,0,1.0,24,60.0,0.0,0.0,0.0,0.0,-1.0,-1.0,-1.0
9600,661,2404,1,8,1,1,84,1,1,1,2,1.0,74,73,9,12,9,2,7.587790141527146,1,13.0,10,10,10,1,1,1,3.0,3.0,3.0,0,1,1,1.0,0,0.0,0.0,0.0,3.0,0.0,-1.0,-1.0,-1.0
9646,1762,27439,6,9,8,3,154,7,1,69,2,0.0,20,20,4,5,4,4,8.457586917433463,1,2.0,9,9,9,1,1,1,0.0,0.0,0.0,0,0,0,1.0,13,0.0,0.0,0.0,0.0,3.0,-1.0,-1.0,-1.0
9647,116,1467,7,17,1,1,29,1,3,40,1,0.0,77,77,4,6,4,1,6.132835217454334,15,0.592,10,11,11,1,1,1,0.0,0.0,0.0,0,0,0,1.0,15,8.0,0.0,0.0,0.0,1.0,-1.0,-1.0,-1.0
9759,1687,24753,2,4,7,1,6,6,4,8,2,0.0,137,137,11,3,12,2,8.497360860688868,2,540.0,7,7,7,1,1,1,0.0,0.0,0.0,0,0,0,1.0,12,40.0,0.0,0.0,0.0,0.0,-1.0,-1.0,-1.0
9780,198,194,1,2,1,1,12,1,1,98,2,0.0,58,58,5,7,5,6,6.567998510420657,4,6.0,6,6,6,2,2,2,2.0,2.0,2.0,1,1,1,2.0,16,4.0,0.0,0.0,0.0,0.0,-1.0,-1.0,-1.0
9891,1214,8798,1,16,9,7,50,8,4,1,2,1.0,21,21,9,9,9,2,6.909203684370792,3,20.0,4,4,4,1,1,0,1.0,1.0,1.0,0,0,1,1.0,13,2.0,3.0,0.0,-1.0,-1.0,-1.0,-1.0,-1.0
9908,145,169,1,9,7,3,106,6,1,33,2,0.0,12,12,8,8,8,1,6.257773954062634,1,100.0,9,9,9,1,1,1,1.0,1.0,1.0,0,1,1,1.0,14,0.0,0.0,0.0,1.0,0.0,-1.0,-1.0,-1.0
9941,315,1572,1,2,1,1,12,1,1,85,2,0.0,74,74,12,2,12,5,5.083980128929394,3,13.0,9,9,9,1,1,1,5.0,5.0,5.0,0,2,2,1.0,0,1.0,0.0,0.0,0.0,0.0,-1.0,-1.0,-1.0
9944,104,27439,4,5,1,1,77,1,1,16,1,1.0,55,55,12,2,1,2,7.1289049238259015,30,12.0,6,6,6,1,1,1,4.0,4.0,4.0,0,3,2,1.0,0,32.0,0.0,0.0,0.0,0.0,-1.0,-1.0,0.0
10016,99,12548,2,3,1,1,67,1,1,6,1,0.0,62,62,2,4,3,3,6.105241005628108,1,1.0,6,6,6,1,1,1,0.0,0.0,0.0,0,0,0,1.0,10,3.0,0.0,0.0,0.0,0.0,-1.0,-1.0,-1.0
10054,87,10192,1,1,10,1,74,9,1,44,2,0.0,26,26,7,8,7,3,6.514053319478543,1,10.0,8,8,8,1,1,1,3.0,3.0,3.0,0,1,1,1.0,17,0.0,0.0,0.0,3.0,0.0,3.0,0.0,-1.0
10081,715,27439,3,6,1,1,14,1,1,14,2,1.0,147,147,2,7,2,4,8.136879937884355,1,1.0,7,7,7,1,1,1,5.0,5.0,5.0,0,2,2,1.0,0,1.0,0.0,0.0,0.0,0.0,-1.0,-1.0,19.0
10083,4,27439,1,9,7,3,1,6,1,19,1,0.0,79,79,4,7,6,0,4.295011961974982,19,5.0,7,7,7,2,2,2,4.0,4.0,4.0,1,3,3,2.0,21,39.0,0.0,0.0,0.0,0.0,-1.0,-1.0,1.0
10085,676,11675,1,11,5,4,127,4,1,8,2,0.0,91,91,3,6,5,4,5.962573502059376,6,6.0,6,6,6,1,1,1,3.0,3.0,3.0,0,1,1,1.0,0,73.0,3.0,0.0,0.0,0.0,-1.0,-1.0,6.0
10093,125,27439,1,20,11,12,32,1,1,65,2,1.0,7,7,8,8,8,3,7.174267382134599,1,4.0,8,8,8,1,1,1,0.0,0.0,0.0,0,0,0,1.0,13,0.0,0.0,0.0,0.0,0.0,0.0,-1.0,-1.0
10213,1,6298,2,3,1,1,11,1,1,4,1,1.0,21,21,6,6,6,1,5.734242624915099,8,380.0,6,6,6,2,1,1,4.0,4.0,4.0,0,1,1,1.0,0,0.0,0.0,1.0,0.0,0.0,-1.0,-1.0,1.0
10270,119,13196,1,12,2,2,5,2,1,5,2,0.0,54,54,1,3,1,6,6.559730848644491,10,1.0,7,7,7,1,1,1,3.0,3.0,3.0,0,1,1,1.0,16,3.0,0.0,12.0,0.0,0.0,-1.0,-1.0,0.0
10424,473,4649,7,17,1,1,104,1,1,50,1,0.0,69,69,3,5,3,3,6.818734236803368,2,30.0,9,9,9,1,1,1,2.0,2.0,2.0,0,0,1,1.0,0,6.0,0.0,0.0,2.0,2.0,-1.0,-1.0,-1.0
10465,82,26984,9,14,33,1,123,13,1,18,1,0.0,22,22,10,11,10,2,6.554064770080992,1,30.0,5,5,5,1,1,1,0.0,0.0,0.0,0,0,0,1.0,13,1.0,0.0,0.0,0.0,0.0,0.0,-1.0,-1.0
10540,16,11987,4,5,1,1,128,1,1,22,1,1.0,95,95,3,6,3,2,7.093264567556767,4,8.0,6,6,6,1,1,1,3.0,3.0,3.0,0,2,2,1.0,0,0.0,0.0,0.0,0.0,0.0,-1.0,-1.0,-1.0
10607,511,7471,7,17,1,1,44,1,3,40,1,0.0,107,107,1,4,1,0,8.28880528372681,2,30.0,8,8,9,2,2,2,0.0,0.0,0.0,1,0,0,2.0,23,24.0,0.0,0.0,0.0,0.0,-1.0,-1.0,-1.0
10684,827,4891,7,17,1,1,183,1,1,40,1,0.0,131,131,12,4,12,3,7.016099460975051,12,133.0,9,9,9,2,1,0,0.0,0.0,0.0,1,0,0,1.0,18,5.0,26.0,26.0,-1.0,-1.0,-1.0,-1.0,-1.0
10705,80,15741,3,2,1,1,32,1,1,5,1,0.0,76,76,1,4,1,2,6.6341718909139855,7,2.0,6,6,6,1,1,1,1.0,1.0,1.0,0,1,1,1.0,13,0.0,0.0,1.0,0.0,0.0,-1.0,-1.0,-1.0
10751,41,8034,1,4,1,1,1,1,1,9,2,1.0,9,9,7,7,7,4,6.613036449540079,9,72.0,7,7,7,3,1,1,0.0,0.0,0.0,0,0,0,1.0,21,0.0,7.0,2.0,0.0,0.0,-1.0,-1.0,-1.0
10793,86,11285,4,8,1,1,19,1,1,54,1,0.0,120,120,11,3,2,2,5.624806506508617,1,20.0,7,7,7,2,2,2,3.0,3.0,3.0,1,3,1,2.0,0,91.0,0.0,0.0,0.0,0.0,-1.0,-1.0,19.0
10848,99,27439,2,14,1,1,33,1,1,7,2,0.0,102,102,7,10,9,4,7.684109334294137,2,1.0,8,8,8,1,1,1,0.0,0.0,0.0,0,0,0,1.0,13,63.0,8.0,0.0,0.0,0.0,-1.0,-1.0,-1.0
10854,164,2498,1,19,11,10,26,1,1,36,2,0.0,95,95,10,1,10,0,5.184422251675732,4,100.0,7,7,7,1,1,1,0.0,0.0,0.0,0,0,0,1.0,12,125.0,0.0,3.0,0.0,0.0,-1.0,-1.0,-1.0
10859,7,189,1,1,12,9,8,1,3,12,2,0.0,20,20,6,6,6,1,8.110581748383833,30,40.0,3,3,3,0,0,0,0.0,0.0,0.0,0,0,0,0.0,14,0.0,-1.0,-1.0,-1.0,-1.0,-1.0,-1.0,-1.0
10970,867,3970,7,17,1,1,44,1,3,40,1,0.0,62,60,1,3,1,4,8.401721938739747,5,88.0,12,13,13,1,1,1,3.0,3.0,3.0,0,1,1,1.0,0,13.0,0.0,0.0,0.0,0.0,-1.0,-1.0,-1.0
10985,109,27439,3,6,1,1,14,1,1,14,1,1.0,48,48,5,7,5,3,7.44836769909726,1,1.0,6,6,6,2,1,1,3.0,3.0,3.0,0,1,1,1.0,16,0.0,0.0,0.0,0.0,0.0,-1.0,-1.0,-1.0
11002,2440,27439,1,11,5,4,234,4,1,124,1,0.0,4,4,2,2,2,4,8.230179743104998,1,1.0,10,10,10,1,1,1,0.0,0.0,0.0,0,0,0,1.0,14,1.0,0.0,1.0,0.0,1.0,-1.0,-1.0,-1.0
11081,2720,27439,1,12,2,2,109,2,1,48,2,0.0,80,80,8,10,8,3,8.825940979183988,1,1.0,12,12,12,2,2,2,9.0,9.0,9.0,1,3,3,2.0,33,1.0,0.0,0.0,0.0,0.0,-1.0,-1.0,2.0
11124,1428,113,12,24,1,1,108,1,3,122,1,0.0,41,41,8,9,8,0,8.8862746309436,1,80.0,14,14,14,1,1,0,0.0,0.0,0.0,0,3,0,1.0,0,0.0,0.0,0.0,-1.0,-1.0,-1.0,-1.0,-1.0
11153,99,27439,2,14,1,1,33,1,1,7,2,1.0,20,20,3,4,3,0,5.621114849339786,2,1.0,8,8,8,2,2,2,4.0,4.0,4.0,1,2,2,2.0,20,1.0,0.0,0.0,0.0,0.0,-1.0,-1.0,-1.0
11196,2,27439,1,1,11,1,31,1,1,6,2,0.0,70,70,3,5,3,4,5.024729129530382,1,4.0,6,6,7,2,2,2,5.0,5.0,5.0,1,1,1,2.0,0,24.0,0.0,0.0,0.0,0.0,-1.0,-1.0,4.0
11263,106,27439,4,5,1,1,163,1,6,1,2,0.0,49,49,2,3,7,0,9.405476384477923,1,1.0,7,7,7,1,1,1,0.0,0.0,0.0,0,0,0,1.0,42,147.0,0.0,0.0,0.0,1.0,-1.0,-1.0,-1.0
11313,59,27439,1,16,9,7,1,8,1,19,2,0.0,13,13,4,4,4,3,5.282488841883732,11,40.0,4,4,4,0,2,0,2.0,2.0,2.0,1,0,1,2.0,13,-1.0,-1.0,-1.0,-1.0,-1.0,-1.0,-1.0,-1.0
11337,138,2006,2,3,1,1,53,1,1,6,2,0.0,53,53,2,3,2,1,7.155797073632567,2,8.0,6,7,8,2,1,1,0.0,0.0,0.0,0,0,0,1.0,15,20.0,0.0,0.0,0.0,0.0,-1.0,-1.0,-1.0
11363,97,26055,2,4,1,1,22,1,3,77,2,1.0,50,50,10,12,10,4,5.993308119035545,1,0.138,9,9,9,1,1,1,5.0,5.0,5.0,0,2,2,1.0,0,1.0,0.0,0.0,0.0,0.0,-1.0,-1.0,-1.0
11376,582,27439,2,14,1,1,94,1,1,7,1,0.0,106,106,12,4,1,6,6.782327953592717,1,3.0,7,8,8,1,1,1,7.0,7.0,7.0,0,3,3,1.0,0,12.0,0.0,0.0,0.0,0.0,-1.0,-1.0,-1.0
11408,90,24185,2,4,1,1,8,1,3,12,1,1.0,17,17,5,6,5,0,5.670102990711745,9,3.361,10,10,10,5,5,5,7.0,7.0,7.0,4,1,1,5.0,46,0.0,0.0,0.0,1.0,0.0,-1.0,-1.0,-1.0
11422,740,6842,7,7,19,1,75,1,2,24,1,0.0,23,5,11,11,11,5,9.709314367640442,1,184800.0,17,17,17,1,1,1,0.0,0.0,0.0,0,0,0,1.0,53,0.0,0.0,0.0,0.0,0.0,-1.0,-1.0,-1.0
11433,485,1564,1,15,3,6,15,3,1,28,2,0.0,50,50,9,10,9,4,6.375612350252995,3,200.0,7,7,7,1,1,1,3.0,3.0,3.0,0,0,1,1.0,13,1.0,0.0,1.0,0.0,0.0,-1.0,-1.0,-1.0
11591,168,957,2,2,1,1,180,1,2,100,2,0.0,44,34,5,6,5,5,6.15890324028905,3,52.0,7,7,7,5,3,3,3.0,3.0,3.0,2,1,1,3.0,29,1.0,0.0,1.0,3.0,0.0,-1.0,-1.0,-1.0
11599,44,27439,4,8,1,1,19,1,1,36,1,0.0,90,90,1,4,1,6,7.223423694242737,8,2.0,8,8,9,1,1,1,3.0,3.0,3.0,0,1,1,1.0,0,16.0,0.0,0.0,0.0,0.0,-1.0,-1.0,3.0
11707,473,11407,7,17,1,1,44,1,1,50,1,0.0,130,130,12,4,1,4,9.408006814973938,15,363.0,8,8,8,2,1,1,0.0,0.0,0.0,1,1,0,1.0,18,78.0,28.0,28.0,1.0,0.0,-1.0,-1.0,-1.0
11768,7,80,1,1,12,9,8,1,3,12,2,0.0,28,26,7,7,7,4,7.838620234910127,34,20.0,5,5,5,0,0,0,0.0,0.0,0.0,0,0,0,0.0,13,9.0,-1.0,-1.0,-1.0,-1.0,-1.0,-1.0,-1.0
11995,1406,2032,12,24,1,1,181,1,3,122,1,0.0,219,196,10,5,4,6,9.511827934478308,2,486.0,18,18,18,1,1,0,3.0,3.0,3.0,0,1,1,1.0,0,160.0,0.0,0.0,-1.0,-1.0,-1.0,-1.0,-1.0
12080,300,2122,8,9,1,3,140,1,1,10,2,0.0,82,82,2,5,5,1,5.333612615754333,9,2.0,7,7,7,3,2,2,0.0,0.0,0.0,1,0,0,2.0,21,77.0,0.0,1.0,1.0,0.0,-1.0,-1.0,-1.0
12202,55,266,3,2,1,1,5,1,1,5,1,0.0,43,43,3,5,3,6,5.133271900695332,26,2.0,8,8,8,4,1,1,0.0,0.0,0.0,1,1,0,1.0,0,0.0,5.0,5.0,0.0,0.0,-1.0,-1.0,-1.0
12208,22,27439,1,1,8,3,41,7,1,27,2,0.0,65,65,9,12,9,0,6.51553425813869,1,1.0,5,5,5,2,1,1,0.0,0.0,0.0,1,0,0,1.0,12,63.0,63.0,66.0,0.0,0.0,-1.0,-1.0,-1.0
12252,162,27439,2,3,1,1,63,1,1,79,2,1.0,16,16,4,5,4,3,5.85873214061721,1,3.0,6,6,6,2,1,1,0.0,0.0,0.0,0,0,0,1.0,15,1.0,0.0,0.0,0.0,0.0,-1.0,-1.0,-1.0
12348,2,27439,1,1,7,1,129,6,1,18,1,0.0,98,98,9,12,9,4,6.250419256174724,1,3.0,5,6,6,1,1,1,0.0,0.0,0.0,0,0,0,1.0,8,13.0,0.0,0.0,0.0,0.0,-1.0,-1.0,-1.0
12390,112,27439,4,5,1,1,35,1,1,1,1,0.0,119,119,3,7,4,2,6.309360988284032,16,2.0,5,5,6,2,2,2,4.0,4.0,4.0,1,1,1,2.0,0,23.0,0.0,0.0,0.0,0.0,-1.0,-1.0,95.0
12555,1,14974,2,3,1,1,11,1,1,4,1,0.0,32,32,6,7,7,1,5.617404362862221,18,24.0,6,7,7,3,2,2,5.0,5.0,5.0,1,1,1,2.0,21,11.0,0.0,7.0,0.0,0.0,-1.0,-1.0,-1.0
12565,678,27439,4,5,7,1,125,6,1,86,1,0.0,97,97,3,6,3,2,7.008330992620051,1,1.0,7,7,7,1,1,1,4.0,4.0,4.0,0,2,2,1.0,0,6.0,0.0,0.0,0.0,0.0,-1.0,-1.0,0.0
12590,1334,27439,1,12,2,2,133,2,1,7,2,0.0,48,48,8,9,8,0,8.351484922635882,1,76.0,9,9,9,1,1,1,3.0,3.0,3.0,0,1,1,1.0,0,44.0,0.0,1.0,0.0,0.0,-1.0,-1.0,39.0
12603,6,18828,2,14,1,1,142,1,1,7,1,0.0,112,112,12,4,2,4,6.212450975275976,3,1.0,6,6,6,2,1,1,0.0,0.0,0.0,0,0,0,1.0,15,38.0,0.0,0.0,0.0,0.0,-1.0,-1.0,-1.0
12642,134,27439,2,14,7,1,37,6,1,7,1,0.0,55,55,1,3,2,2,6.98945163203132,3,2.0,5,5,6,1,1,1,4.0,4.0,4.0,0,1,1,1.0,0,22.0,0.0,0.0,0.0,0.0,-1.0,-1.0,7.0
12677,199,9988,6,6,1,1,41,1,1,27,2,0.0,25,25,7,8,7,4,6.426632283939797,1,1.0,7,7,7,1,1,1,3.0,3.0,3.0,0,1,1,1.0,0,18.0,0.0,0.0,0.0,0.0,-1.0,-1.0,2.0
12763,81,27439,7,17,1,1,57,1,3,40,1,1.0,52,52,3,5,3,5,7.618048352734703,23,6.0,9,9,9,5,5,5,6.0,6.0,6.0,3,1,1,4.0,41,0.0,0.0,1.0,0.0,0.0,-1.0,-1.0,-1.0
12776,1,12815,1,1,1,1,179,1,1,13,2,0.0,12,12,7,7,7,2,5.063510481712016,2,2.0,7,7,7,2,2,2,4.0,4.0,4.0,1,1,1,2.0,22,0.0,0.0,1.0,0.0,0.0,-1.0,-1.0,0.0
12801,1761,9548,2,2,1,1,107,1,1,26,2,1.0,35,35,5,7,5,3,5.163667030085113,2,1.0,6,6,6,2,2,2,4.0,4.0,4.0,1,2,2,2.0,0,1.0,0.0,0.0,0.0,0.0,-1.0,-1.0,-1.0
12849,552,1295,1,7,1,1,4,1,4,11,2,0.0,244,244,9,5,4,2,7.351739586423909,1,350.0,7,7,7,1,1,1,3.0,3.0,3.0,0,2,2,1.0,21,221.0,9.0,0.0,0.0,0.0,9.0,1.0,-1.0
12865,312,27439,3,6,1,1,14,1,1,14,1,1.0,66,66,2,4,2,4,7.259969213068263,1,2.0,7,7,7,1,1,1,0.0,0.0,0.0,0,0,0,1.0,12,0.0,0.0,0.0,0.0,0.0,-1.0,-1.0,-1.0
12987,93,27439,2,2,1,1,107,1,1,26,2,0.0,53,34,3,5,3,2,7.397993130130351,3,16000.0,12,12,12,3,3,3,3.0,3.0,3.0,2,1,1,3.0,35,2.0,0.0,0.0,0.0,0.0,-1.0,-1.0,-1.0
12994,48,780,1,10,2,2,101,2,1,85,2,1.0,20,20,11,12,11,1,4.392146358600483,10,2.0,4,4,4,1,0,0,0.0,0.0,0.0,0,0,0,0.0,6,0.0,3.0,-1.0,-1.0,-1.0,-1.0,-1.0,-1.0
13004,354,229,1,21,11,10,141,1,13,87,2,0.0,5,5,10,10,10,2,4.628112802141144,1,2.0,10,10,10,4,2,2,9.0,9.0,9.0,1,1,1,2.0,36,1.0,0.0,1.0,2.0,1.0,4.0,4.0,-1.0
13013,3,15049,1,1,8,1,21,7,1,6,1,0.0,106,106,11,2,11,4,5.47130965822434,8,6.0,6,6,6,2,2,2,0.0,0.0,0.0,1,0,0,2.0,16,0.0,0.0,0.0,0.0,0.0,-1.0,-1.0,-1.0
13031,101,3302,1,9,8,3,39,7,6,47,2,0.0,63,63,9,11,9,4,5.8900579279964695,1,1.0,7,7,7,1,1,1,3.0,3.0,3.0,0,1,1,1.0,0,1.0,0.0,0.0,0.0,0.0,-1.0,-1.0,61.0
13044,26,17336,4,5,1,1,9,1,1,14,1,1.0,42,42,8,9,8,2,6.351739586423909,4,50.0,8,8,8,1,1,1,2.0,2.0,2.0,0,0,1,1.0,0,0.0,0.0,0.0,0.0,0.0,-1.0,-1.0,-1.0
13177,199,27439,6,6,3,1,59,3,1,27,2,0.0,97,97,7,11,7,5,7.275502721023065,2,1.0,10,10,10,2,2,2,7.0,7.0,7.0,1,3,3,2.0,0,30.0,0.0,0.0,0.0,0.0,-1.0,-1.0,2.0
13274,811,22892,3,6,1,1,14,1,1,14,2,0.0,128,128,7,12,8,5,7.6818866101786,2,6.0,7,7,7,1,1,1,0.0,0.0,0.0,0,0,0,1.0,10,39.0,0.0,0.0,0.0,0.0,-1.0,-1.0,-1.0
13322,42,12562,1,7,1,1,4,1,1,11,2,0.0,229,229,10,6,3,2,5.883392256011751,5,10.0,6,6,6,2,2,2,0.0,0.0,0.0,1,0,0,2.0,16,157.0,0.0,0.0,0.0,0.0,-1.0,-1.0,-1.0
13540,855,6534,1,12,2,2,29,2,2,28,2,0.0,40,40,12,1,12,1,5.409731533401596,3,15.0,10,10,10,2,2,4,0.0,0.0,0.0,3,0,0,4.0,36,1.0,3.0,0.0,0.0,0.0,-1.0,-1.0,-1.0
13605,6,27439,3,6,1,1,45,1,1,37,1,0.0,125,125,12,4,3,4,4.748693682114295,3,1.0,6,6,6,1,1,1,6.0,7.0,7.0,0,2,2,1.0,0,79.0,0.0,0.0,0.0,0.0,-1.0,-1.0,-1.0
13624,19,14331,1,9,7,3,15,6,2,28,2,0.0,19,19,2,2,2,4,6.027031491286294,2,60.0,6,6,7,1,1,1,0.0,0.0,0.0,0,0,0,1.0,11,15.0,0.0,0.0,0.0,0.0,-1.0,-1.0,-1.0
13634,89,2946,1,10,2,2,58,2,12,25,1,0.0,49,42,3,5,3,4,6.564991638620306,4,18.0,10,10,10,1,1,1,0.0,0.0,0.0,0,0,0,1.0,15,6.0,0.0,0.0,1.0,0.0,-1.0,-1.0,-1.0
13773,651,26506,1,15,3,6,33,3,1,7,2,1.0,84,84,8,10,8,2,6.962573502059376,1,1.0,8,8,9,1,1,1,3.0,3.0,3.0,0,1,1,1.0,0,16.0,0.0,3.0,0.0,0.0,-1.0,-1.0,62.0
13826,508,1419,9,14,39,1,24,13,1,42,1,0.0,71,71,4,6,4,1,5.952863013612032,1,50.0,7,7,7,1,1,1,3.0,3.0,3.0,0,0,2,1.0,0,2.0,0.0,0.0,0.0,0.0,0.0,-1.0,-1.0
13913,109,15018,3,18,1,8,144,1,1,14,2,0.0,23,23,5,6,5,0,6.8899250418406,9,10.0,6,6,6,1,1,1,0.0,0.0,0.0,0,0,0,1.0,12,2.0,0.0,1.0,0.0,0.0,1.0,-1.0,-1.0
13945,24,27439,1,1,1,1,122,1,1,44,1,1.0,34,34,3,5,3,4,5.404600100294511,5,5.0,9,9,9,1,1,1,3.0,3.0,3.0,0,1,1,1.0,0,2.0,0.0,0.0,0.0,0.0,-1.0,-1.0,-1.0
13978,425,27439,2,3,1,1,63,1,1,79,2,1.0,79,79,11,1,11,0,7.0392108716403605,1,1.0,7,7,7,1,1,1,3.0,3.0,3.0,0,1,1,1.0,0,3.0,0.0,0.0,0.0,0.0,-1.0,-1.0,1.0
14153,2,4366,1,1,1,1,21,1,1,6,2,1.0,16,16,1,2,1,5,5.31512046011573,6,2.0,10,10,10,2,2,2,0.0,0.0,0.0,1,0,0,2.0,17,0.0,0.0,0.0,0.0,0.0,-1.0,-1.0,-1.0
14157,58,5,1,7,55,1,56,1,5,49,1,0.0,26,23,9,9,9,0,8.318561093735763,64,3000.0,11,11,11,12,7,4,0.0,0.0,0.0,6,0,0,6.0,80,0.0,22.0,22.0,0.0,0.0,-1.0,-1.0,-1.0
14192,807,7093,3,2,1,1,161,1,1,1,2,0.0,118,118,1,5,3,3,9.156967359460616,1,1.0,6,6,6,1,1,1,0.0,0.0,0.0,0,0,0,1.0,15,32.0,1.0,0.0,0.0,0.0,-1.0,-1.0,-1.0
14287,27,337,2,2,1,1,23,1,2,24,2,0.0,35,35,7,8,7,5,5.064282397949201,4,25.0,7,7,7,1,1,1,0.0,0.0,0.0,0,0,0,1.0,10,2.0,0.0,0.0,0.0,0.0,-1.0,-1.0,-1.0
14288,81,27439,7,17,1,1,57,1,1,50,2,1.0,0,0,12,11,12,4,9.470987681086267,1,336.0,7,7,7,1,2,1,0.0,0.0,0.0,0,0,0,1.0,16,0.0,0.0,0.0,7.0,0.0,-1.0,-1.0,-1.0
14343,432,9949,1,11,5,4,5,4,1,5,2,0.0,12,12,4,5,5,1,4.474456863038251,2,2.0,8,9,9,1,2,1,0.0,0.0,0.0,0,0,0,1.0,16,7.0,0.0,0.0,1.0,0.0,-1.0,-1.0,-1.0
14349,1,4393,10,18,1,8,179,1,1,13,2,0.0,39,39,3,4,3,2,5.430658141108978,1,4.0,6,6,6,1,1,1,0.0,0.0,0.0,0,0,0,1.0,10,5.0,0.0,0.0,0.0,0.0,-1.0,-1.0,-1.0
14446,101,13650,1,6,1,1,39,1,1,47,2,0.0,27,27,7,8,7,2,6.523077917254433,1,5.0,7,7,7,1,1,1,0.0,0.0,0.0,0,0,0,1.0,10,1.0,0.0,0.0,0.0,0.0,-1.0,-1.0,-1.0
14507,399,27439,1,1,20,20,74,13,1,18,2,1.0,30,30,9,10,10,2,5.360513510731414,2,1.0,4,4,5,0,1,0,0.0,0.0,0.0,0,0,0,1.0,8,23.0,-1.0,-1.0,-1.0,-1.0,-1.0,-1.0,-1.0
14535,289,13632,1,8,1,1,7,1,1,10,2,1.0,14,14,8,8,8,3,5.3952756169906255,2,39.0,9,9,9,1,1,1,3.0,3.0,3.0,0,2,2,1.0,0,0.0,2.0,0.0,0.0,0.0,2.0,2.0,-1.0
14603,259,184,1,6,1,1,39,1,1,47,2,0.0,129,129,10,2,11,4,6.107873521315384,3,48.0,7,7,7,2,1,1,4.0,4.0,4.0,0,1,1,1.0,18,43.0,0.0,1.0,0.0,0.0,-1.0,-1.0,-1.0
14710,1,4494,2,4,8,1,6,7,4,8,2,1.0,47,47,9,11,9,4,7.233122949112733,1,200.0,7,7,7,1,1,1,0.0,0.0,0.0,0,0,0,1.0,9,0.0,1.0,0.0,0.0,0.0,-1.0,-1.0,-1.0
14738,128,4626,3,6,1,1,52,1,1,75,1,0.0,45,45,2,4,3,1,7.394023044311059,1,52.0,6,6,6,1,1,1,0.0,0.0,0.0,0,0,0,1.0,10,2.0,0.0,0.0,0.0,0.0,-1.0,-1.0,-1.0
14782,143,2885,1,2,1,1,36,1,5,31,1,1.0,14,1,10,10,10,2,7.531426830872619,5,23.0,11,11,11,1,1,1,0.0,0.0,0.0,0,0,0,1.0,26,0.0,0.0,0.0,1.0,0.0,-1.0,-1.0,-1.0
14830,276,1546,5,2,1,1,25,1,1,56,2,0.0,57,57,7,9,7,6,5.324301338076969,2,6.0,9,9,9,4,3,3,6.0,6.0,6.0,2,1,1,3.0,0,15.0,0.0,0.0,0.0,0.0,-1.0,-1.0,-1.0
14833,108,27439,1,16,9,7,66,8,1,61,2,0.0,69,69,9,11,10,4,6.829188982059751,13,1.0,8,8,8,0,3,0,4.0,4.0,4.0,2,0,1,3.0,28,46.0,-1.0,-1.0,-1.0,-1.0,-1.0,-1.0,-1.0
14881,71,10855,1,2,1,1,78,1,1,54,2,1.0,69,69,8,10,8,4,5.146507332193092,4,1.0,7,7,7,1,1,1,3.0,3.0,3.0,0,1,1,1.0,0,2.0,0.0,0.0,0.0,0.0,-1.0,-1.0,-1.0
14897,455,27439,4,5,1,1,60,1,1,1,2,0.0,34,34,1,2,1,3,7.679985089125568,2,1.0,6,6,6,2,1,1,0.0,0.0,0.0,0,0,0,1.0,13,-1.0,0.0,0.0,0.0,0.0,-1.0,-1.0,-1.0
14912,193,5980,1,14,1,1,90,1,1,7,1,0.0,43,43,10,11,10,5,5.962573502059376,1,1.0,6,6,6,1,1,1,0.0,0.0,0.0,0,0,0,1.0,11,5.0,0.0,0.0,0.0,0.0,-1.0,-1.0,-1.0
14948,227,2013,5,2,1,1,3,1,1,39,1,0.0,153,153,10,3,12,1,6.727247678634913,6,150.0,7,7,7,3,3,3,3.0,3.0,3.0,2,1,1,3.0,25,79.0,0.0,0.0,0.0,0.0,-1.0,-1.0,-1.0
15012,1,15942,2,3,1,1,16,1,1,13,1,0.0,36,36,6,7,6,2,5.682272991254139,8,10.0,7,7,7,1,1,1,0.0,0.0,0.0,0,0,0,1.0,11,2.0,0.0,0.0,0.0,0.0,-1.0,-1.0,-1.0
15146,153,7643,7,17,1,1,104,1,1,30,2,0.0,91,91,11,2,11,2,7.732639637926067,2,50.0,8,9,9,1,1,1,0.0,0.0,0.0,0,0,0,1.0,14,8.0,0.0,0.0,1.0,0.0,-1.0,-1.0,-1.0
15221,10,27439,10,18,10,8,30,9,9,7,2,0.0,40,40,4,5,4,2,4.657285920961865,1,1.0,8,8,8,2,1,1,3.0,3.0,3.0,0,0,1,1.0,19,5.0,0.0,1.0,0.0,0.0,1.0,-1.0,-1.0
15356,109,27439,4,8,1,1,38,1,1,1,1,0.0,70,70,3,5,3,4,7.812546934494643,5,1.0,7,7,7,2,2,2,5.0,5.0,5.0,1,1,2,2.0,24,1.0,0.0,0.0,0.0,0.0,-1.0,-1.0,4.0
15537,654,20658,7,17,1,1,57,1,3,40,1,1.0,29,8,3,4,3,3,9.36609852992478,24,187.2,16,16,16,5,4,3,3.0,3.0,3.0,2,1,1,3.0,90,0.0,1.0,0.0,0.0,0.0,-1.0,-1.0,0.0
15663,734,27439,1,16,9,7,82,8,1,2,2,0.0,82,82,7,9,9,0,4.749561403645522,7,5.0,5,5,5,1,1,0,4.0,4.0,4.0,0,0,1,1.0,13,70.0,2.0,3.0,-1.0,-1.0,5.0,-1.0,-1.0
15719,10,6392,10,18,11,8,30,1,1,48,3,0.0,120,120,3,7,3,4,6.653601134002649,1,1.0,5,6,6,1,1,1,6.0,6.0,6.0,0,0,4,1.0,0,8.0,0.0,0.0,0.0,0.0,0.0,-1.0,-1.0
15720,7,969,1,1,12,9,8,1,3,12,2,0.0,26,26,6,6,6,1,7.534519404029009,43,10.0,3,3,3,0,0,0,0.0,0.0,0.0,0,0,0,0.0,7,5.0,-1.0,-1.0,-1.0,-1.0,-1.0,-1.0,-1.0
15740,6,27439,3,6,1,1,139,1,1,75,1,1.0,56,56,4,6,4,2,8.130546870892879,1,1.0,8,8,8,1,1,1,3.0,3.0,3.0,0,1,1,1.0,0,0.0,7.0,0.0,0.0,0.0,-1.0,-1.0,9.0
15825,519,4106,1,2,1,1,36,1,5,31,1,0.0,164,149,12,6,5,4,6.478153008598214,4,2.5,9,9,9,2,2,2,0.0,0.0,0.0,1,0,0,2.0,23,148.0,0.0,0.0,0.0,0.0,-1.0,-1.0,-1.0
15832,1,22731,1,14,1,1,69,1,1,6,2,0.0,20,20,2,3,2,1,5.381816768427025,2,4.0,7,7,7,1,1,1,4.0,4.0,4.0,0,1,1,1.0,0,2.0,0.0,0.0,0.0,0.0,0.0,4.0,-1.0
15927,1018,251,12,24,1,1,108,1,3,141,1,0.0,35,35,5,7,5,2,7.434191137697892,3,172.0,11,11,11,3,2,1,4.0,4.0,4.0,1,1,1,2.0,25,-1.0,0.0,0.0,35.0,35.0,-1.0,-1.0,-1.0
15930,515,4400,1,9,7,3,33,6,1,7,2,0.0,37,37,7,9,7,0,7.967062111513513,1,30.0,8,8,8,1,1,1,0.0,0.0,0.0,0,0,0,1.0,10,4.0,0.0,0.0,1.0,0.0,-1.0,-1.0,-1.0
16042,62,687,1,10,2,2,58,2,1,33,1,0.0,76,51,1,3,1,1,7.07928836766173,6,424.0,12,13,13,3,3,3,0.0,0.0,0.0,2,0,0,3.0,45,9.0,0.0,3.0,1.0,0.0,-1.0,-1.0,-1.0
16075,1017,163,1,16,9,7,12,8,1,151,2,0.0,69,68,9,11,10,4,6.416740571088481,2,197.0,10,10,10,1,1,0,0.0,0.0,0.0,0,0,0,1.0,42,54.0,0.0,0.0,-1.0,-1.0,0.0,-1.0,-1.0
16078,96,660,1,1,12,9,8,1,3,12,2,0.0,14,14,1,1,1,4,7.643562966678825,29,12.546,4,4,4,0,0,0,0.0,0.0,0.0,0,0,0,0.0,13,5.0,-1.0,-1.0,-1.0,-1.0,-1.0,-1.0,-1.0
16229,2,23722,10,18,7,8,31,6,1,13,2,0.0,51,51,4,6,4,0,5.073432458791244,3,4.0,6,6,6,2,2,2,0.0,0.0,0.0,1,0,0,2.0,15,2.0,0.0,1.0,0.0,0.0,-1.0,-1.0,-1.0
16256,335,15190,10,18,1,8,208,1,1,6,2,0.0,15,15,3,3,3,4,5.900425595310532,2,25.0,6,6,6,1,1,1,3.0,3.0,3.0,0,0,1,1.0,14,1.0,0.0,0.0,0.0,0.0,0.0,-1.0,-1.0
16452,1,5560,2,3,1,1,11,1,1,16,2,0.0,21,21,6,7,6,2,4.673085757290408,19,2.0,9,9,9,2,2,2,3.0,3.0,3.0,1,1,1,2.0,20,1.0,0.0,1.0,0.0,0.0,-1.0,-1.0,0.0
16503,245,1361,6,7,7,1,18,6,2,108,1,1.0,46,46,6,8,6,2,6.967372384941145,2,1400.0,7,7,7,1,1,1,6.0,6.0,6.0,0,7,2,1.0,0,2.0,0.0,0.0,0.0,0.0,-1.0,-1.0,0.0
16529,79,5661,2,4,3,1,22,3,3,77,2,0.0,72,72,2,4,2,5,3.982012911124035,2,1.506,9,9,9,2,2,2,4.0,4.0,4.0,1,1,1,2.0,18,1.0,0.0,0.0,0.0,0.0,-1.0,-1.0,-1.0
16646,118,27439,1,1,7,14,143,6,1,10,2,1.0,5,5,8,8,8,0,7.724951689512764,1,1.0,10,10,10,1,1,1,0.0,0.0,0.0,0,0,0,1.0,13,1.0,0.0,0.0,1.0,0.0,-1.0,-1.0,-1.0
16698,109,27439,3,6,1,1,14,1,1,14,2,0.0,32,32,7,8,7,2,7.915394149389755,1,1.0,8,8,8,2,2,1,4.0,4.0,4.0,0,1,1,1.0,24,10.0,0.0,0.0,0.0,0.0,-1.0,-1.0,0.0
16719,8,2022,6,5,1,1,17,1,1,21,1,1.0,30,30,3,4,3,3,5.984726829231931,26,21.0,8,8,8,4,2,2,0.0,0.0,0.0,2,0,0,2.0,21,0.0,2.0,2.0,0.0,0.0,-1.0,-1.0,-1.0
16739,218,6648,2,4,1,1,22,1,3,77,1,1.0,15,15,6,7,6,6,7.47051478559548,3,7.292,6,6,6,3,3,3,5.0,5.0,5.0,2,1,1,3.0,26,0.0,0.0,0.0,0.0,0.0,-1.0,-1.0,-1.0
16787,138,4075,2,3,1,1,53,1,1,4,1,0.0,146,146,11,4,1,2,5.234415108595876,6,6.0,7,7,7,1,1,1,3.0,3.0,3.0,0,1,1,1.0,0,55.0,0.0,0.0,0.0,0.0,-1.0,-1.0,-1.0
16818,18,4184,7,17,1,1,29,1,1,30,2,0.0,95,95,7,10,7,5,5.853579148493806,17,6.0,8,8,8,2,1,1,0.0,0.0,0.0,0,0,0,1.0,19,4.0,0.0,1.0,0.0,0.0,-1.0,-1.0,-1.0
16826,1,1244,2,4,7,1,6,6,4,8,2,0.0,112,112,1,5,3,4,5.552026624929296,10,100.0,6,6,6,1,1,1,0.0,0.0,0.0,0,0,0,1.0,11,37.0,1.0,0.0,1.0,0.0,-1.0,-1.0,-1.0
16832,479,819,8,9,1,3,152,1,1,10,2,1.0,69,69,12,2,12,3,6.875798480479103,4,5.0,7,7,7,2,2,2,0.0,0.0,0.0,1,0,0,2.0,17,1.0,0.0,0.0,0.0,0.0,-1.0,-1.0,-1.0
16838,86,6696,1,2,1,1,15,1,2,32,2,1.0,14,14,4,4,4,3,5.9917317308005895,8,25.0,7,7,7,2,2,1,1.0,1.0,1.0,0,1,1,1.0,17,1.0,3.0,0.0,1.0,0.0,-1.0,-1.0,-1.0
16910,7,636,1,1,12,9,8,1,3,12,2,0.0,22,15,2,2,2,5,7.634508802823254,24,10.0,5,5,5,0,0,0,0.0,0.0,0.0,0,0,0,0.0,11,8.0,-1.0,-1.0,-1.0,-1.0,-1.0,-1.0,-1.0
16966,121,27439,2,3,1,1,169,1,1,1,2,1.0,47,47,12,2,1,3,6.224549693457189,1,1.0,5,5,6,1,1,1,3.0,3.0,3.0,0,1,1,1.0,0,25.0,0.0,0.0,0.0,0.0,-1.0,-1.0,5.0
17061,102,27439,3,6,1,1,14,1,1,22,1,1.0,80,80,2,4,2,1,7.008113791074187,1,1.0,6,6,6,1,1,1,0.0,0.0,0.0,0,0,0,1.0,10,2.0,0.0,0.0,0.0,0.0,-1.0,-1.0,-1.0
17073,82,27439,9,14,7,1,24,6,1,38,2,1.0,25,25,7,8,7,0,7.008903449589251,1,1.0,8,8,8,5,4,4,7.0,7.0,7.0,3,2,2,4.0,0,59.0,0.0,0.0,3.0,0.0,3.0,0.0,8.0
17100,11,27439,1,7,1,1,4,1,1,11,2,1.0,74,74,2,4,3,0,3.672972968176177,28,4.0,7,7,7,2,2,2,4.0,4.0,4.0,1,1,1,2.0,19,43.0,0.0,0.0,0.0,0.0,-1.0,-1.0,21.0
17114,514,27439,1,1,8,19,7,7,1,10,2,1.0,35,35,10,11,10,4,6.374559267571966,1,1.0,5,5,5,1,1,1,3.0,3.0,3.0,0,1,1,1.0,10,0.0,3.0,0.0,0.0,0.0,-1.0,-1.0,-1.0
17141,43,5060,4,8,1,1,50,1,1,1,1,1.0,130,130,1,6,1,0,7.52501491344888,1,2.0,6,6,6,1,1,1,0.0,0.0,0.0,0,0,0,1.0,10,1.0,0.0,0.0,0.0,0.0,-1.0,-1.0,-1.0
17178,92,85,1,6,1,1,39,1,1,47,1,1.0,16,16,10,10,10,0,5.926885523170325,2,5.0,7,7,7,1,1,1,2.0,2.0,2.0,0,0,1,1.0,0,0.0,0.0,3.0,0.0,0.0,-1.0,-1.0,-1.0
17213,800,19,1,10,2,2,71,2,1,31,1,0.0,35,35,9,10,9,3,7.404879030607184,8,700.0,7,7,7,2,2,2,3.0,3.0,3.0,1,1,1,2.0,19,0.0,0.0,0.0,0.0,0.0,-1.0,-1.0,-1.0
17343,716,413,6,7,8,1,18,7,7,72,2,0.0,21,21,4,4,4,1,7.710140664797001,4,6000.0,7,7,7,2,2,2,3.0,3.0,3.0,1,1,1,2.0,21,-1.0,0.0,0.0,0.0,1.0,-1.0,-1.0,-1.0
17456,1,4538,10,18,1,8,28,1,1,4,2,0.0,24,24,6,7,6,0,3.8508154170316216,22,1.0,8,8,8,7,2,2,0.0,0.0,0.0,1,0,0,2.0,29,3.0,0.0,3.0,0.0,0.0,-1.0,-1.0,-1.0
17508,244,17092,1,16,9,7,33,8,1,7,2,0.0,70,70,8,10,9,4,5.7426506734790586,6,4.0,5,5,5,0,1,0,1.0,1.0,1.0,0,0,1,1.0,12,49.0,-1.0,-1.0,-1.0,-1.0,-1.0,-1.0,-1.0
17518,7,93,1,1,12,9,8,1,3,12,2,0.0,32,32,5,6,5,1,7.532853930968734,22,10.395,3,3,3,0,0,0,0.0,0.0,0.0,0,0,0,0.0,9,3.0,-1.0,-1.0,-1.0,-1.0,-1.0,-1.0,-1.0
17553,1,1008,1,9,8,3,11,7,1,4,2,0.0,15,15,9,9,9,4,4.648215734536356,19,40.0,6,6,6,2,1,1,0.0,0.0,0.0,1,0,0,1.0,11,0.0,14.0,14.0,0.0,0.0,-1.0,-1.0,-1.0
17625,1282,27439,1,16,9,7,93,8,2,42,2,0.0,61,61,10,12,12,1,5.360513510731414,2,125.0,4,4,4,1,2,0,3.0,3.0,3.0,1,0,1,2.0,15,46.0,2.0,1.0,-1.0,-1.0,-1.0,-1.0,-1.0
17630,120,15748,4,8,1,1,38,1,1,5,1,0.0,165,145,11,4,11,2,6.986967941004526,4,32.0,8,8,9,1,1,1,0.0,0.0,0.0,0,0,0,1.0,17,27.0,0.0,0.0,0.0,0.0,2.0,-1.0,-1.0
17656,1595,7343,1,11,5,4,211,4,1,55,2,0.0,34,34,2,3,3,1,6.08089335215501,1,50.0,6,6,6,2,0,1,0.0,0.0,0.0,0,0,0,1.0,0,30.0,1.0,-1.0,-1.0,0.0,-1.0,-1.0,-1.0
17682,558,9142,6,6,1,1,41,1,1,1,2,1.0,126,123,7,11,7,5,7.939839714486669,2,9.0,11,11,11,1,1,1,3.0,3.0,3.0,0,1,1,1.0,0,2.0,0.0,0.0,0.0,0.0,-1.0,-1.0,-1.0
17716,231,27439,4,5,1,1,9,1,1,1,1,0.0,102,102,2,6,3,2,5.564633493387339,1,30.0,8,8,8,2,2,2,4.0,4.0,4.0,1,2,2,2.0,0,2.0,0.0,0.0,0.0,0.0,-1.0,-1.0,-1.0
17762,149,2959,3,6,1,1,10,1,1,16,1,0.0,98,98,2,5,4,3,6.214022446199557,11,28.0,8,8,8,1,1,1,0.0,0.0,0.0,0,0,0,1.0,19,78.0,0.0,5.0,0.0,0.0,-1.0,-1.0,-1.0
17776,79,8784,2,4,3,1,22,3,3,77,1,1.0,20,20,12,12,12,2,7.38810772255764,12,4.05,9,9,9,2,2,2,2.0,2.0,2.0,1,1,1,2.0,20,0.0,0.0,1.0,0.0,0.0,-1.0,-1.0,-1.0
17786,534,27439,1,15,3,6,97,3,1,127,2,1.0,62,62,9,11,10,4,6.683375728575944,1,1.0,6,6,7,1,1,1,5.0,5.0,5.0,0,2,2,1.0,0,27.0,0.0,0.0,0.0,3.0,-1.0,-1.0,31.0
17804,224,1559,2,2,1,1,147,1,5,26,1,1.0,52,52,8,10,10,1,6.683339015740899,2,12.0,10,10,10,1,1,1,0.0,0.0,0.0,0,0,0,1.0,16,38.0,0.0,0.0,0.0,0.0,-1.0,-1.0,-1.0
17831,143,1659,1,2,1,1,36,1,5,31,2,0.0,34,22,7,8,7,3,7.094690823294799,2,10.0,8,8,8,2,1,1,0.0,0.0,0.0,0,0,0,1.0,24,-1.0,0.0,0.0,0.0,0.0,-1.0,-1.0,-1.0
17894,563,2435,1,15,3,6,103,3,1,89,2,0.0,91,91,7,10,7,1,7.312066881659957,2,175.0,10,10,10,3,3,3,0.0,0.0,0.0,2,0,0,3.0,31,5.0,0.0,0.0,0.0,0.0,-1.0,-1.0,-1.0
17932,45,14895,3,6,1,1,10,1,1,41,1,1.0,111,111,12,4,3,1,5.616107596361744,17,10.0,11,11,11,4,2,2,11.0,11.0,11.0,1,4,4,2.0,34,64.0,0.0,1.0,0.0,0.0,-1.0,-1.0,66.0
17960,62,1664,1,10,2,2,106,2,1,33,1,1.0,36,21,9,10,9,3,7.394526648740618,6,1000.0,10,10,10,2,2,2,3.0,3.0,3.0,1,2,2,2.0,29,2.0,0.0,0.0,0.0,0.0,-1.0,-1.0,0.0
17991,315,451,1,2,1,1,106,1,2,33,2,0.0,64,22,9,11,9,2,6.352526708491487,2,500.0,11,12,12,1,1,1,0.0,0.0,0.0,0,0,0,1.0,22,8.0,0.0,0.0,0.0,0.0,-1.0,-1.0,-1.0
18101,282,7735,1,7,1,1,4,1,1,11,2,0.0,49,49,4,5,4,3,5.263603497723357,4,2.0,10,10,11,1,1,1,4.0,4.0,4.0,0,2,1,1.0,0,19.0,0.0,0.0,0.0,0.0,19.0,29.0,-1.0
18217,3,18193,10,18,1,8,21,1,1,6,3,1.0,78,78,4,7,4,4,7.247530334674353,38,7.0,8,8,8,5,4,4,6.0,6.0,6.0,3,0,3,4.0,0,0.0,0.0,0.0,0.0,0.0,0.0,-1.0,-1.0
18232,292,9899,1,1,1,1,82,1,1,45,1,0.0,78,78,9,11,10,2,6.678178002544502,2,2.0,10,10,11,3,3,3,7.0,7.0,7.0,2,1,1,3.0,29,29.0,0.0,0.0,1.0,0.0,-1.0,-1.0,10.0
18265,1,321,2,3,1,1,11,1,1,4,1,0.0,26,26,6,7,6,1,5.644144356425047,4,8.0,8,8,8,1,1,1,3.0,3.0,3.0,0,2,2,1.0,0,1.0,0.0,1.0,2.0,0.0,-1.0,-1.0,0.0
18379,200,29,1,2,1,1,15,1,2,28,2,0.0,14,14,3,3,3,1,3.743929892318232,3,0.8,8,8,8,1,1,1,3.0,3.0,3.0,0,2,2,1.0,0,1.0,0.0,0.0,0.0,0.0,-1.0,-1.0,-1.0
18389,4,66,1,4,1,1,1,1,1,64,2,0.0,74,74,3,5,4,0,4.662738583172677,34,58.0,5,5,5,5,2,2,0.0,0.0,0.0,1,0,0,2.0,23,46.0,0.0,0.0,1.0,0.0,-1.0,-1.0,-1.0
18390,920,3051,2,14,11,1,37,1,1,7,2,0.0,35,35,7,8,7,3,7.18058354504374,1,14.0,7,7,7,2,2,2,0.0,0.0,0.0,1,0,0,2.0,17,6.0,0.0,0.0,0.0,0.0,-1.0,-1.0,-1.0
18396,1239,26785,9,14,1,1,123,1,1,18,2,1.0,9,9,8,8,8,4,6.080999905397945,1,2.0,8,8,8,1,1,1,0.0,0.0,0.0,0,0,0,1.0,12,0.0,0.0,0.0,1.0,0.0,-1.0,-1.0,-1.0
18416,320,2502,1,2,1,1,36,1,5,31,1,0.0,215,182,11,6,4,1,7.747247524219768,5,75.092,12,12,12,1,1,1,5.0,5.0,5.0,0,1,1,1.0,38,154.0,6.0,0.0,0.0,0.0,-1.0,-1.0,-1.0
18763,2720,27439,1,11,5,4,128,4,1,10,2,1.0,85,85,4,7,7,4,6.065235843956524,1,20.0,5,5,5,1,1,1,5.0,5.0,5.0,0,1,1,1.0,13,71.0,0.0,3.0,0.0,1.0,-1.0,-1.0,-1.0
18764,565,22837,2,2,1,1,107,1,1,26,2,1.0,107,107,3,6,3,5,6.170297608984127,5,2.0,6,6,6,2,1,1,3.0,3.0,3.0,1,1,1,1.0,0,1.0,2.0,2.0,0.0,0.0,-1.0,-1.0,-1.0
18781,634,2681,1,8,1,1,7,1,1,86,2,0.0,54,54,9,11,9,4,5.995923081578449,1,2.0,8,8,8,1,1,1,3.0,3.0,3.0,0,1,1,1.0,17,1.0,0.0,0.0,0.0,0.0,0.0,0.0,-1.0
18806,465,7068,1,2,1,1,170,1,1,32,2,1.0,62,62,3,5,3,2,6.622319667847099,5,394.0,7,7,7,2,2,2,4.0,4.0,4.0,1,2,2,2.0,0,0.0,0.0,0.0,0.0,0.0,-1.0,-1.0,-1.0
18826,362,3867,4,8,1,1,26,1,1,27,2,1.0,90,90,7,10,7,2,6.671088824301625,2,2.0,10,10,10,1,1,1,11.0,11.0,11.0,0,5,5,1.0,0,1.0,0.0,3.0,0.0,0.0,-1.0,-1.0,-1.0
19045,132,303,1,11,5,4,103,4,1,15,2,0.0,24,12,9,10,10,0,7.968320116509795,11,6468.0,11,12,12,1,0,0,0.0,0.0,0.0,0,0,0,1.0,23,10.0,4.0,-1.0,-1.0,-1.0,-1.0,-1.0,-1.0
19105,2720,27439,1,12,18,16,180,14,26,25,3,0.0,58,58,8,10,10,4,6.036360259088058,1,2.0,5,5,5,0,1,0,0.0,0.0,0.0,0,0,0,1.0,10,56.0,-1.0,-1.0,-1.0,-1.0,-1.0,-1.0,-1.0
19113,198,856,1,2,1,1,12,1,1,42,2,1.0,27,27,12,1,12,2,5.169698994855026,8,1.0,8,8,8,2,1,1,3.0,3.0,3.0,1,1,1,1.0,0,0.0,2.0,2.0,0.0,0.0,-1.0,-1.0,-1.0
19239,836,11413,1,9,7,3,40,6,2,42,2,0.0,74,74,8,11,8,5,7.375772645725018,1,2200.0,7,7,7,1,1,1,3.0,3.0,3.0,0,1,1,1.0,15,145.0,0.0,1.0,0.0,0.0,1.0,0.0,-1.0
19267,1679,27439,1,1,13,13,230,11,1,1,2,0.0,0,0,1,12,1,3,6.654832742651664,1,35.0,3,3,3,0,1,0,0.0,0.0,0.0,0,0,0,1.0,7,-1.0,-1.0,-1.0,-1.0,-1.0,-1.0,-1.0,-1.0
19289,45,11055,3,6,1,1,10,1,1,41,2,0.0,55,55,2,3,3,0,5.751574141006852,1,94.0,9,9,9,1,1,1,3.0,3.0,3.0,0,1,1,1.0,0,42.0,0.0,0.0,0.0,0.0,-1.0,-1.0,1.0
19291,511,1102,7,17,1,1,44,1,3,40,1,0.0,89,70,2,5,3,6,8.150720458738888,1,40.0,12,12,12,1,1,1,0.0,0.0,0.0,0,1,0,1.0,27,36.0,0.0,0.0,1.0,0.0,-1.0,-1.0,-1.0
19406,1,6849,2,3,1,1,11,1,1,4,1,1.0,27,27,6,7,6,0,4.660528968515925,8,5.0,8,8,8,2,1,1,0.0,0.0,0.0,0,0,0,1.0,14,1.0,0.0,1.0,0.0,0.0,-1.0,-1.0,-1.0
19495,899,3164,1,12,2,2,15,2,2,25,2,0.0,63,63,11,1,11,2,5.883392256011751,1,10.0,5,6,6,1,1,1,0.0,0.0,0.0,0,0,0,1.0,12,7.0,0.0,0.0,0.0,0.0,-1.0,-1.0,-1.0
19557,100,27439,1,13,6,5,245,5,1,23,2,0.0,0,0,9,9,9,2,6.00876507009937,3,100.0,4,4,4,0,1,0,0.0,0.0,0.0,0,0,0,1.0,7,-1.0,-1.0,-1.0,-1.0,-1.0,-1.0,-1.0,-1.0
19599,337,27439,1,9,24,3,13,9,1,3,2,0.0,20,20,7,7,7,6,6.457037312525132,1,1.0,9,9,9,2,2,2,0.0,0.0,0.0,1,0,0,2.0,20,65.0,0.0,0.0,1.0,0.0,-1.0,-1.0,-1.0
19822,2058,27439,1,4,1,1,27,1,1,101,2,0.0,43,43,3,5,3,6,7.282318417167456,1,16.0,7,7,7,3,2,2,4.0,4.0,4.0,1,1,2,2.0,0,0.0,0.0,0.0,0.0,0.0,-1.0,-1.0,-1.0
19895,312,24974,1,1,1,1,188,1,1,14,3,0.0,154,154,1,6,1,0,6.31796116004595,8,5.0,8,9,9,4,3,2,9.0,9.0,9.0,2,2,4,3.0,35,9.0,0.0,0.0,0.0,0.0,-1.0,-1.0,7.0
19898,66,27439,1,12,2,2,50,2,1,31,2,1.0,0,0,11,11,11,2,7.0483396286335935,1,6.0,4,4,4,0,0,1,3.0,3.0,3.0,0,1,1,1.0,0,1.0,-1.0,-1.0,-1.0,0.0,-1.0,-1.0,0.0
19978,132,768,1,11,5,4,103,4,1,89,2,0.0,36,24,2,3,2,6,8.600184196758192,11,786.0,11,12,12,1,1,1,0.0,0.0,0.0,0,0,0,1.0,27,11.0,0.0,1.0,1.0,0.0,-1.0,-1.0,-1.0
20070,264,6080,1,15,3,6,11,3,1,6,2,1.0,30,30,12,1,12,5,5.7702588310405805,1,2.0,8,8,8,1,1,1,4.0,4.0,4.0,0,1,1,1.0,0,0.0,0.0,2.0,0.0,0.0,-1.0,-1.0,26.0
20085,2720,27439,1,7,1,1,40,1,2,42,3,1.0,20,20,10,11,10,4,6.800161940294887,1,1200.0,8,8,8,2,1,1,3.0,3.0,3.0,0,1,1,1.0,17,0.0,0.0,0.0,0.0,0.0,-1.0,-1.0,-1.0
20139,606,7695,4,5,1,1,9,1,1,1,1,0.0,270,228,8,5,10,2,7.404530339715787,3,6.0,9,9,9,1,1,1,3.0,3.0,3.0,0,2,2,1.0,0,60.0,0.0,0.0,0.0,0.0,-1.0,-1.0,-1.0
20248,292,27439,1,6,1,1,184,1,1,68,2,0.0,28,28,7,8,7,2,7.317108766284773,1,1.0,10,10,10,1,1,1,0.0,0.0,0.0,0,0,0,1.0,20,30.0,0.0,0.0,0.0,0.0,36.0,-1.0,-1.0
20264,606,7695,4,5,1,1,9,1,1,1,1,0.0,270,270,8,5,9,2,7.404530339715787,4,6.0,8,8,8,1,1,1,21.0,21.0,21.0,0,11,11,1.0,0,2.0,0.0,0.0,0.0,0.0,-1.0,-1.0,-1.0
20287,25,886,3,6,1,1,10,1,1,41,2,1.0,6,6,11,11,11,3,4.792234571892786,23,2.0,6,6,6,1,1,1,0.0,0.0,0.0,0,0,0,1.0,11,0.0,0.0,1.0,0.0,0.0,-1.0,-1.0,-1.0
20339,508,27439,1,1,17,17,24,16,1,38,2,1.0,9,9,12,12,12,4,6.893173577156682,1,1.0,5,5,5,0,0,0,0.0,0.0,0.0,0,0,0,0.0,9,0.0,-1.0,-1.0,-1.0,-1.0,-1.0,-1.0,-1.0
20385,1435,2281,1,11,5,4,107,4,3,26,2,1.0,40,7,5,6,5,6,9.599636234560384,2,9078.32,17,17,17,2,1,1,0.0,0.0,0.0,0,0,0,1.0,58,0.0,1.0,1.0,0.0,0.0,-1.0,-1.0,-1.0
20527,7,127,1,1,12,9,8,1,3,12,2,0.0,20,7,6,6,6,1,8.023491580862546,30,30.0,5,5,5,0,0,0,0.0,0.0,0.0,0,0,0,0.0,17,0.0,-1.0,-1.0,-1.0,-1.0,-1.0,-1.0,-1.0
20544,11,7142,1,7,1,1,4,1,1,11,2,1.0,48,26,9,10,9,2,6.489687613699181,14,24.0,11,11,11,1,1,1,9.0,9.0,9.0,0,4,4,1.0,0,0.0,0.0,1.0,0.0,0.0,-1.0,-1.0,-1.0
20569,43,27439,1,8,1,1,97,1,1,7,2,0.0,76,76,7,10,8,2,7.30279545514565,1,3.0,9,10,10,1,1,1,7.0,7.0,7.0,0,3,3,1.0,0,11.0,0.0,0.0,0.0,0.0,-1.0,-1.0,6.0
20593,716,8843,6,7,8,1,18,7,2,43,2,1.0,13,13,2,2,2,4,5.826870943128921,2,36.0,7,7,7,1,1,1,0.0,0.0,0.0,0,0,0,1.0,15,0.0,0.0,3.0,0.0,0.0,-1.0,-1.0,-1.0
20709,344,10536,2,2,1,1,180,1,1,120,2,1.0,9,9,5,6,5,0,7.136352027824056,1,17.0,6,6,6,1,1,1,3.0,3.0,3.0,0,2,2,1.0,0,2.0,0.0,0.0,0.0,0.0,-1.0,-1.0,-1.0
20732,91,27439,4,5,1,1,9,1,1,1,1,0.0,84,84,3,6,4,2,4.938770587386752,7,6.0,9,9,10,2,2,2,5.0,5.0,5.0,1,2,2,2.0,0,21.0,0.0,0.0,0.0,0.0,0.0,0.0,0.0
20761,2,23906,10,18,1,8,91,1,6,4,1,0.0,58,58,2,4,2,0,5.579149365297902,10,2.0,10,10,10,2,2,2,3.0,3.0,3.0,1,0,1,2.0,17,2.0,0.0,2.0,0.0,0.0,-1.0,-1.0,-1.0
20869,508,5785,9,14,20,1,24,13,1,18,2,0.0,15,15,9,9,9,4,5.056621271665144,1,1.0,7,7,7,1,1,1,0.0,0.0,0.0,0,0,0,1.0,11,-1.0,0.0,1.0,0.0,0.0,-1.0,-1.0,-1.0
20878,419,9807,1,2,1,1,78,1,1,1,2,0.0,17,17,7,8,7,4,6.682247227257968,1,20.0,13,13,13,4,4,4,10.0,10.0,10.0,3,2,2,4.0,42,1.0,0.0,0.0,1.0,0.0,-1.0,-1.0,-1.0
20904,21,2062,9,14,7,1,24,6,1,38,1,0.0,84,84,3,6,3,4,8.47155037765993,2,50.0,9,9,9,1,1,1,0.0,0.0,0.0,0,0,0,1.0,16,3.0,0.0,0.0,0.0,0.0,-1.0,-1.0,-1.0
20990,28,27439,2,2,1,1,107,1,1,26,2,0.0,21,21,9,10,9,3,5.645154760567405,1,5.0,7,7,7,1,1,1,1.0,1.0,1.0,0,1,1,1.0,15,6.0,0.0,0.0,0.0,0.0,-1.0,-1.0,0.0
21019,185,1106,1,2,1,1,12,1,1,55,2,0.0,87,87,11,2,12,4,6.874553330387007,5,13.0,6,6,7,2,1,1,3.0,3.0,3.0,1,1,1,1.0,0,29.0,2.0,2.0,0.0,0.0,-1.0,-1.0,-1.0
21146,484,7096,1,15,3,6,7,3,7,24,2,0.0,62,62,2,4,3,0,6.503443596206034,6,670.0,9,9,10,2,2,2,6.0,6.0,7.0,1,2,2,2.0,0,37.0,0.0,1.0,0.0,0.0,21.0,24.0,25.0
21282,1176,27439,2,4,1,1,8,1,4,12,2,1.0,57,57,2,4,4,3,6.2436604264643005,19,22.0,10,10,10,1,1,1,3.0,3.0,3.0,0,1,1,1.0,19,48.0,1.0,0.0,1.0,0.0,-1.0,-1.0,1.0
21424,107,11120,5,2,1,1,3,1,1,39,1,0.0,86,86,11,2,11,3,5.489773621122357,1,2.0,6,6,6,3,2,2,0.0,0.0,0.0,2,0,0,2.0,19,6.0,3.0,3.0,0.0,0.0,-1.0,-1.0,-1.0
21544,444,27439,7,17,1,1,196,1,1,30,2,0.0,65,65,3,5,3,0,7.388542234331657,1,50.0,7,7,7,2,2,2,0.0,0.0,0.0,1,0,0,2.0,19,5.0,0.0,0.0,0.0,1.0,-1.0,-1.0,-1.0
21558,136,27439,9,14,1,1,24,1,1,38,1,0.0,91,91,3,6,3,0,8.104929483937093,1,1.0,6,6,6,3,3,3,0.0,0.0,0.0,2,0,0,3.0,26,2.0,0.0,0.0,0.0,0.0,-1.0,-1.0,-1.0
21644,41,11721,1,12,2,2,70,2,1,53,2,0.0,62,62,2,4,3,2,6.586402613465567,1,5.0,5,5,6,1,1,1,0.0,0.0,0.0,0,0,0,1.0,10,28.0,0.0,0.0,0.0,0.0,-1.0,-1.0,-1.0
21920,356,8454,1,15,3,6,39,3,2,47,2,0.0,50,50,5,7,5,6,6.82787492816192,9,800.0,5,5,5,1,1,1,0.0,0.0,0.0,0,0,0,1.0,7,2.0,0.0,1.0,0.0,0.0,-1.0,-1.0,-1.0
22191,770,11520,8,9,7,3,152,6,1,15,1,0.0,70,70,3,6,3,4,7.927409084996126,1,2.0,7,7,7,1,1,1,2.0,2.0,2.0,0,0,1,1.0,0,3.0,0.0,0.0,0.0,0.0,-1.0,-1.0,-1.0
22204,419,4300,1,2,1,1,78,1,1,54,2,0.0,28,28,5,6,5,3,5.846234937212994,4,4.0,5,5,5,2,1,1,4.0,4.0,4.0,0,3,3,1.0,0,1.0,0.0,3.0,0.0,0.0,-1.0,-1.0,-1.0
22255,7,3869,1,1,12,9,8,1,3,12,2,0.0,32,32,5,6,6,1,7.316106557743319,41,6.297,3,3,3,0,0,0,0.0,0.0,0.0,0,0,0,0.0,7,4.0,-1.0,-1.0,-1.0,-1.0,-1.0,-1.0,-1.0
22296,50,3293,3,2,1,1,195,1,1,34,1,0.0,94,94,8,11,8,4,7.165364442281254,1,8.0,9,9,9,1,1,1,0.0,0.0,0.0,0,0,0,1.0,19,306.0,0.0,0.0,0.0,0.0,-1.0,-1.0,-1.0
22307,2,9308,1,1,1,1,31,1,4,4,2,1.0,47,47,10,12,10,1,6.278638249099516,7,405.0,9,9,9,9,5,5,8.0,8.0,8.0,4,3,3,5.0,55,0.0,0.0,2.0,0.0,0.0,-1.0,-1.0,-1.0
22422,9,12848,1,4,1,1,1,1,1,19,2,1.0,35,35,2,3,2,4,5.251369041306346,5,20.0,10,10,10,4,1,1,0.0,0.0,0.0,1,0,0,1.0,20,0.0,6.0,6.0,0.0,0.0,-1.0,-1.0,-1.0
22441,942,23198,1,14,1,1,68,1,1,127,2,0.0,61,61,8,10,8,1,5.6103909839480135,1,2.0,7,7,7,1,1,1,0.0,0.0,0.0,0,0,0,1.0,10,0.0,0.0,0.0,0.0,0.0,-1.0,-1.0,-1.0
22544,1,27439,1,1,1,1,28,1,1,4,2,1.0,17,17,6,7,6,4,6.619158880206276,7,146.0,9,9,9,2,2,2,0.0,0.0,0.0,1,0,0,2.0,18,0.0,0.0,0.0,0.0,0.0,-1.0,-1.0,-1.0
22668,646,2783,1,2,1,1,106,1,8,96,2,0.0,20,20,4,5,4,2,5.814386088988374,2,127.2,8,8,8,1,1,1,1.0,1.0,1.0,0,1,1,1.0,14,0.0,0.0,0.0,0.0,0.0,-1.0,-1.0,-1.0
22703,81,2168,7,17,1,1,44,1,1,50,2,0.0,77,77,2,4,2,5,9.485743786893831,20,480.0,8,8,8,1,1,1,0.0,0.0,0.0,0,0,0,1.0,14,-1.0,0.0,0.0,3.0,0.0,-1.0,-1.0,-1.0
22825,312,13447,1,1,1,1,188,1,1,14,2,0.0,100,100,11,3,11,5,5.560999208732245,2,1.0,6,6,6,1,1,1,0.0,0.0,0.0,0,0,0,1.0,10,0.0,0.0,0.0,0.0,0.0,-1.0,-1.0,-1.0
22838,11,27439,1,9,8,3,4,7,4,95,2,0.0,62,62,2,4,2,4,6.76185660135322,2,150.0,8,8,8,2,2,2,0.0,0.0,0.0,1,0,0,2.0,18,4.0,6.0,0.0,0.0,0.0,-1.0,-1.0,-1.0
22839,282,7735,1,7,1,1,4,1,1,11,2,0.0,100,100,4,7,4,0,5.263603497723357,4,2.0,7,7,8,1,1,1,0.0,0.0,0.0,0,0,0,1.0,14,16.0,0.0,0.0,0.0,0.0,3.0,-1.0,-1.0
22845,1282,1119,1,16,9,7,40,8,3,42,2,1.0,62,43,8,10,8,1,7.958978144016619,3,130.0,12,12,12,0,1,0,2.0,2.0,2.0,0,0,1,1.0,27,0.0,-1.0,-1.0,-1.0,-1.0,1.0,-1.0,-1.0
22898,243,2566,1,15,3,6,211,3,1,25,2,0.0,58,58,5,7,5,0,5.681444096858285,1,1.0,6,6,6,1,1,1,0.0,0.0,0.0,0,0,0,1.0,9,2.0,0.0,0.0,0.0,0.0,-1.0,-1.0,-1.0
22946,59,27439,1,16,9,7,172,8,8,26,2,1.0,39,39,8,9,9,0,6.604928088246512,12,25.0,4,4,5,0,1,0,1.0,1.0,1.0,0,0,1,1.0,10,26.0,-1.0,-1.0,-1.0,-1.0,-1.0,-1.0,-1.0
22975,59,15534,1,16,9,7,115,8,1,25,2,1.0,41,41,3,4,4,3,5.690205114748698,11,5.0,4,4,5,0,2,0,2.0,2.0,2.0,1,0,1,2.0,14,27.0,-1.0,-1.0,-1.0,-1.0,-1.0,-1.0,-1.0
23062,67,27439,2,4,1,1,22,1,3,46,2,1.0,10,10,3,4,3,4,6.213176455075983,10,0.306,10,10,10,5,4,3,0.0,0.0,0.0,2,0,0,3.0,34,0.0,0.0,1.0,0.0,0.0,-1.0,-1.0,-1.0
23269,306,7890,1,16,9,7,13,8,1,99,2,0.0,82,82,10,12,12,1,5.205611550745671,2,1.0,3,3,3,0,1,0,3.0,3.0,3.0,0,0,1,1.0,13,69.0,-1.0,-1.0,-1.0,-1.0,-1.0,-1.0,-1.0
23430,1262,2162,12,24,1,1,181,1,3,160,1,0.0,49,41,1,3,1,4,9.543360723492412,3,584.78,15,15,15,1,1,0,5.0,5.0,5.0,0,1,1,1.0,110,-1.0,4.0,0.0,-1.0,-1.0,-1.0,-1.0,-1.0
23488,127,18153,1,19,11,12,246,1,1,1,2,1.0,84,84,11,2,11,4,7.270307184017864,1,4.0,6,6,6,1,1,1,0.0,0.0,0.0,0,0,0,1.0,10,0.0,0.0,0.0,0.0,0.0,-1.0,-1.0,-1.0
23503,116,3624,7,17,1,1,183,1,3,30,1,1.0,21,21,6,7,6,4,7.093978280916907,18,3.0,10,10,10,3,3,2,0.0,0.0,0.0,1,0,0,2.0,25,0.0,0.0,0.0,0.0,0.0,-1.0,-1.0,-1.0
23634,577,27178,2,3,1,1,11,1,1,4,1,1.0,72,72,2,4,2,2,6.572684536433808,7,16.0,8,8,8,2,2,2,4.0,4.0,4.0,1,1,1,2.0,0,4.0,0.0,0.0,0.0,0.0,-1.0,-1.0,12.0
23676,501,7993,1,10,2,2,20,2,1,23,2,0.0,36,36,7,8,7,3,7.146317725343583,7,300.0,8,8,8,1,1,6,8.0,8.0,8.0,5,2,2,6.0,34,1.0,14.0,0.0,14.0,0.0,-1.0,-1.0,-1.0
23838,550,7688,4,8,1,1,26,1,1,3,2,1.0,29,29,11,12,11,2,6.492727647485408,1,20.0,7,7,7,1,1,1,3.0,3.0,3.0,0,1,1,1.0,15,0.0,0.0,0.0,0.0,0.0,-1.0,-1.0,0.0
23872,201,27439,4,8,1,1,38,1,1,1,1,0.0,90,90,11,2,12,3,7.06947498292856,1,20.0,9,9,9,1,1,1,3.0,3.0,3.0,0,1,1,1.0,0,4.0,0.0,0.0,0.0,0.0,-1.0,-1.0,66.0
24098,19,16031,1,2,11,1,15,1,2,28,2,0.0,74,74,3,5,3,2,5.512504067624663,3,8.8,8,8,9,1,1,1,0.0,0.0,0.0,0,0,0,1.0,15,20.0,0.0,0.0,0.0,0.0,-1.0,-1.0,-1.0
24144,42,8321,1,7,1,1,4,1,1,11,2,0.0,77,77,3,5,3,2,4.485452247339714,20,20.0,8,8,8,3,1,1,0.0,0.0,0.0,1,0,0,1.0,14,0.0,3.0,7.0,0.0,0.0,-1.0,-1.0,-1.0
24160,320,1024,1,2,1,1,36,1,5,31,1,0.0,18,11,11,11,11,5,7.34877510746017,7,30.0,8,8,8,2,1,1,0.0,0.0,0.0,0,0,0,1.0,24,-1.0,0.0,1.0,0.0,0.0,-1.0,-1.0,-1.0
24177,23,27439,2,14,1,1,96,1,1,6,1,0.0,14,14,6,7,6,0,6.076738028389247,2,14.0,6,6,6,1,1,1,2.0,2.0,2.0,0,1,2,1.0,15,1.0,0.0,0.0,0.0,0.0,0.0,0.0,-1.0
24202,671,6608,1,19,11,12,89,1,1,1,2,1.0,69,69,12,2,12,3,6.5971997659828645,1,7.0,8,8,8,1,1,1,5.0,5.0,5.0,0,2,2,1.0,0,0.0,0.0,0.0,0.0,0.0,-1.0,-1.0,-1.0
24225,68,2509,1,7,1,1,4,1,1,11,2,1.0,83,83,10,12,10,2,6.080212999926177,5,4.0,10,10,10,1,1,1,3.0,3.0,3.0,0,1,1,1.0,0,0.0,0.0,1.0,0.0,0.0,-1.0,-1.0,-1.0
24396,17,27439,2,3,1,1,43,1,1,6,1,0.0,16,16,1,2,2,0,6.796145559683074,1,15.0,7,7,7,1,1,1,0.0,0.0,0.0,0,0,0,1.0,13,6.0,0.0,0.0,0.0,0.0,-1.0,-1.0,-1.0
24409,1,78,2,3,1,1,16,1,1,13,1,0.0,46,46,5,7,6,2,5.148964717754869,3,120.0,8,8,8,2,2,2,0.0,0.0,0.0,1,0,0,2.0,16,2.0,1.0,0.0,0.0,0.0,-1.0,-1.0,-1.0
24603,741,27439,4,8,1,1,19,1,1,36,1,1.0,132,132,11,4,11,2,7.255567542126815,1,1.0,7,7,7,1,1,1,0.0,0.0,0.0,0,0,0,1.0,12,0.0,0.0,0.0,0.0,0.0,-1.0,-1.0,-1.0
24625,1049,27439,1,15,3,6,117,3,1,67,2,0.0,47,47,2,4,3,3,7.705211364302814,1,1.0,5,5,6,1,1,1,1.0,1.0,1.0,0,1,1,1.0,0,26.0,0.0,0.0,0.0,0.0,-1.0,-1.0,0.0
24660,7,187,1,1,12,9,8,1,3,12,2,0.0,17,8,5,5,5,6,8.405244820159576,50,60.0,5,5,5,0,0,0,0.0,0.0,0.0,0,0,0,0.0,17,1.0,-1.0,-1.0,-1.0,-1.0,-1.0,-1.0,-1.0
24711,214,26554,1,19,11,12,26,1,1,27,1,0.0,48,48,10,11,10,4,6.946461880238264,3,8.0,9,9,9,2,2,2,6.0,6.0,6.0,1,1,3,2.0,0,0.0,0.0,0.0,3.0,0.0,-1.0,-1.0,-1.0
24713,7,3516,1,1,12,9,8,1,3,12,2,0.0,26,26,6,6,6,1,7.529261952192572,43,10.0,3,3,3,0,0,0,0.0,0.0,0.0,0,0,0,0.0,7,5.0,-1.0,-1.0,-1.0,-1.0,-1.0,-1.0,-1.0
